Country,Year,Value
Central African Republic,2005,57.59616
Central African Republic,2006,57.95047
Central African Republic,2007,61.04242
Central African Republic,2008,64.37167
Central African Republic,2009,64.69702
Central African Republic,2010,65.55941
Central African Republic,2011,63.48425
Central African Republic,2012,63.34254
Comoros,2000,57.30937
Comoros,2007,56.04012
Comoros,2013,57.81606
Comoros,2014,53.22166
Botswana,2000,44.19258
Botswana,2001,43.76725
Botswana,2002,44.49028
Botswana,2003,44.20102
Botswana,2004,49.71763
Botswana,2005,44.73402
Botswana,2006,46.36187
Botswana,2007,46.61129
Botswana,2008,46.71487
Botswana,2009,47.76803
Botswana,2012,45.20793
Botswana,2013,46.0428
Botswana,2014,47.76732
Gambia,2000,56.37113
Gambia,2001,54.12773
Gambia,2002,53.70572
Gambia,2003,50.0179
Gambia,2004,47.2871
Gambia,2005,46.26165
Gambia,2006,45.53597
Gambia,2007,44.95845
Gambia,2008,44.8928
Gambia,2010,47.39195
Gambia,2011,46.51706
Gambia,2012,45.24817
Gambia,2013,45.91565
Gambia,2014,44.47732
Gambia,2015,43.28645
Gambia,2016,41.83727
Guinea-Bissau,2000,57.94922
Guinea-Bissau,2010,53.17769
Egypt,2000,56.82483
Egypt,2001,56.26759
Egypt,2002,55.54834
Egypt,2003,55.71517
Egypt,2004,54.4279
Egypt,2012,45.04511
Egypt,2014,42.49976
Egypt,2016,29.2097
Cabo Verde,2001,45.59873
Cabo Verde,2002,42.88462
Cabo Verde,2003,49.24279
Cabo Verde,2004,45.7151
Cabo Verde,2005,49.14401
Cabo Verde,2006,49.8284
Cabo Verde,2007,51.95959
Cabo Verde,2008,52.85155
Cabo Verde,2009,53.37972
Cabo Verde,2010,52.03233
Cabo Verde,2011,53.02108
Cabo Verde,2012,53.12071
Cabo Verde,2013,51.76286
Cabo Verde,2014,52.11913
Cabo Verde,2015,51.66551
Cabo Verde,2016,52.6601
Ghana,2000,50.32698
Ghana,2001,49.63828
Ghana,2002,49.38317
Ghana,2003,48.80781
Ghana,2005,49.34359
Ghana,2006,48.5581
Ghana,2007,48.87632
Ghana,2008,48.64442
Ghana,2009,48.95652
Ghana,2011,48.58833
Ghana,2013,48.49423
Ghana,2014,48.1596
Ghana,2015,47.69699
Ghana,2016,45.77493
Kenya,2000,48.25704
Kenya,2001,48.44595
Kenya,2002,49.23282
Kenya,2003,49.5195
Kenya,2004,49.57778
Kenya,2005,49.27591
Kenya,2006,48.60766
Kenya,2007,49.54567
Kenya,2008,48.42324
Kenya,2009,48.34508
Kenya,2012,44.2873
Congo,2005,45.07965
Congo,2006,52.87068
Congo,2010,55.05038
Congo,2012,35.61417
Benin,2006,80.77613
Benin,2008,82.11468
Benin,2011,98.65877
Algeria,2000,57.39302
Algeria,2001,59.33508
Algeria,2002,59.45199
Algeria,2003,59.13416
Algeria,2004,60.18965
Algeria,2005,60.93684
Algeria,2006,61.93967
Algeria,2007,60.51759
Algeria,2008,63.38097
Guinea,2000,56.37188
Guinea,2001,56.48046
Guinea,2002,58.0357
Guinea,2003,58.27038
Guinea,2004,58.50174
Guinea,2005,58.19152
Guinea,2006,57.8194
Guinea,2007,58.08705
Guinea,2008,57.87209
Guinea,2009,58.3662
Guinea,2010,61.11132
Guinea,2011,61.28667
Guinea,2012,61.3259
Guinea,2013,62.2861
Guinea,2014,64.95947
Guinea,2016,67.39774
Angola,2008,61.80254
Angola,2009,62.09959
Angola,2010,66.15115
Angola,2011,75.43401
Djibouti,2000,51.88148
Djibouti,2001,52.16136
Djibouti,2002,52.25242
Djibouti,2004,52.41939
Djibouti,2005,52.29524
Djibouti,2006,52.55376
Djibouti,2007,52.23587
Djibouti,2008,51.68718
Djibouti,2009,51.43017
Djibouti,2011,52.47239
Djibouti,2013,52.8195
Djibouti,2014,55.27653
Djibouti,2015,53.04632
Djibouti,2016,52.51276
Equatorial Guinea,2000,59.22334
Equatorial Guinea,2001,57.69286
Equatorial Guinea,2002,57.95955
Equatorial Guinea,2003,54.41626
Equatorial Guinea,2008,49.88305
Equatorial Guinea,2009,49.59308
Equatorial Guinea,2010,49.34036
Equatorial Guinea,2011,49.13117
Equatorial Guinea,2012,49.13504
Equatorial Guinea,2015,48.87329
Côte d'Ivoire,2000,59.24242
Côte d'Ivoire,2001,60.17447
Côte d'Ivoire,2002,61.1655
Côte d'Ivoire,2003,56.34367
Côte d'Ivoire,2009,55.43678
Côte d'Ivoire,2013,54.30442
Côte d'Ivoire,2014,58.59556
Côte d'Ivoire,2015,60.50128
Côte d'Ivoire,2016,68.8897
Ethiopia,2000,54.5045
Ethiopia,2001,54.54994
Ethiopia,2002,54.49542
Ethiopia,2003,54.20047
Ethiopia,2004,53.48967
Ethiopia,2005,53.82606
Ethiopia,2006,53.34966
Ethiopia,2007,53.73662
Ethiopia,2008,54.66382
Ethiopia,2009,53.19609
Ethiopia,2010,53.15082
Ethiopia,2011,54.50671
Ethiopia,2012,54.70169
Ethiopia,2014,59.97505
Ethiopia,2015,60.75921
Cameroon,2011,82.58181
Cameroon,2012,95.96206
Cameroon,2014,95.49847
Cameroon,2016,94.29492
Burkina Faso,2000,54.20782
Burkina Faso,2001,54.16077
Burkina Faso,2002,53.65599
Burkina Faso,2003,53.80404
Burkina Faso,2004,53.66697
Burkina Faso,2005,54.0438
Burkina Faso,2006,54.1873
Burkina Faso,2007,54.66743
Burkina Faso,2008,54.90542
Burkina Faso,2009,54.54511
Burkina Faso,2010,52.2362
Burkina Faso,2011,52.05701
Burkina Faso,2012,51.51888
Burkina Faso,2013,50.96653
Burkina Faso,2014,51.09342
Burkina Faso,2015,51.07018
Burkina Faso,2016,51.34974
Mali,2002,56.24404
Mali,2003,56.29877
Mali,2004,54.0121
Mali,2005,56.87045
Mali,2006,56.5586
Mali,2007,56.69349
Mali,2009,58.3182
Mali,2010,57.95685
Mali,2011,57.56386
Mali,2012,56.39374
Mali,2014,54.55915
Mali,2015,54.009
Mali,2016,54.65673
Zimbabwe,2000,48.58451
Zimbabwe,2001,46.85093
Zimbabwe,2002,47.55022
Zimbabwe,2003,46.95259
Zimbabwe,2012,46.04102
Zimbabwe,2013,47.27018
Namibia,2000,38.98819
Namibia,2001,38.46561
Namibia,2002,35.95415
Namibia,2003,36.75973
Namibia,2004,39.66993
Namibia,2005,39.83938
Namibia,2006,43.58843
Namibia,2007,41.2048
Namibia,2008,43.36785
Namibia,2009,43.74571
Namibia,2010,44.21903
Namibia,2012,44.29926
Namibia,2013,43.33306
Senegal,2000,54.00191
Senegal,2003,53.56616
Senegal,2004,51.18704
Senegal,2005,50.69044
Senegal,2006,49.92715
Senegal,2007,49.10418
Senegal,2008,47.89835
Senegal,2009,47.01964
Senegal,2010,46.11729
Senegal,2011,45.41147
Senegal,2012,43.72195
Senegal,2013,43.85835
Senegal,2014,43.33356
Senegal,2015,42.76311
Senegal,2016,42.8858
Liberia,2006,49.25523
Liberia,2008,50.38817
Liberia,2009,50.53386
Liberia,2011,50.05714
Liberia,2014,49.80618
Liberia,2015,50.01699
Malawi,2004,17.92899
Malawi,2005,23.83956
Malawi,2006,26.69785
Malawi,2007,35.68708
Malawi,2008,12.37518
Malawi,2009,20.58531
Togo,2001,89.62371
Togo,2003,89.2881
Togo,2004,99.34686
Togo,2005,91.3563
Togo,2007,79.66672
Togo,2008,80.82931
Togo,2014,68.4958
Togo,2016,66.56
Morocco,2000,57.98007
Morocco,2001,57.18885
Morocco,2002,57.56881
Morocco,2003,56.8416
Morocco,2004,56.02365
Morocco,2005,56.48467
Morocco,2006,57.04715
Morocco,2007,56.78408
Morocco,2008,55.89348
Morocco,2009,52.83713
Morocco,2010,52.64279
Morocco,2011,50.94527
Morocco,2012,50.01313
Morocco,2013,49.59435
Morocco,2014,49.84661
Morocco,2016,50.2756
Sierra Leone,2012,54.74899
Sierra Leone,2013,54.83188
Sierra Leone,2015,51.3526
Sierra Leone,2016,32.92813
Niger,2000,52.41754
Niger,2001,53.03652
Niger,2002,54.00758
Niger,2003,54.66582
Niger,2004,55.45731
Niger,2005,54.93311
Niger,2006,54.92293
Niger,2007,54.99169
Niger,2008,54.92437
Niger,2009,55.32094
Niger,2010,55.87511
Niger,2011,56.67266
Niger,2012,56.26785
Niger,2013,55.90445
Niger,2014,55.29925
Niger,2015,55.6539
Niger,2016,55.68645
Sao Tome and Principe,2002,80.5988
Sao Tome and Principe,2003,78.99807
Sao Tome and Principe,2005,93.44828
Sao Tome and Principe,2007,46.45067
Sao Tome and Principe,2008,47.71495
Sao Tome and Principe,2009,39.45263
Sao Tome and Principe,2010,43.69885
Sao Tome and Principe,2013,48.51417
Sao Tome and Principe,2014,51.08225
Sao Tome and Principe,2015,55.78687
Mozambique,2000,56.49448
Mozambique,2001,56.84437
Mozambique,2002,54.27912
Mozambique,2004,55.94106
Mozambique,2005,56.78709
Mozambique,2006,57.36889
Mozambique,2007,59.4901
Mozambique,2008,60.81823
Mozambique,2009,59.8356
Mozambique,2010,60.99917
Mozambique,2011,58.01769
Mozambique,2012,57.97559
Mozambique,2013,58.74516
Mozambique,2014,58.73213
Mozambique,2015,60.85278
Mozambique,2016,57.03015
Chad,2000,60.67769
Chad,2001,60.39552
Chad,2002,61.82634
Chad,2003,61.90325
Chad,2011,60.48237
Tunisia,2000,62.70972
Tunisia,2001,63.81088
Tunisia,2005,57.88153
Tunisia,2006,47.58777
Tunisia,2007,53.73374
Tunisia,2008,58.53227
Tunisia,2009,61.34157
Mauritania,2000,50.4877
Mauritania,2001,51.07344
Mauritania,2002,49.86177
Mauritania,2003,49.44606
Mauritania,2004,48.58468
Mauritania,2005,47.89642
Mauritania,2006,48.05247
Mauritania,2007,47.37577
Mauritania,2008,46.93436
Mauritania,2009,47.44926
Mauritania,2010,47.21094
Mauritania,2011,46.39739
Mauritania,2012,45.57554
Mauritania,2013,46.34391
Mauritania,2014,45.92594
Mauritania,2016,45.95199
Eswatini,2009,49.7248
Eswatini,2010,50.68581
Eswatini,2011,56.01333
Eswatini,2012,52.63253
Eswatini,2013,50.72265
Eswatini,2014,50.54856
Eswatini,2015,50.59531
Eswatini,2016,51.13258
Rwanda,2002,47.24787
Rwanda,2003,47.09439
Rwanda,2016,44.04723
Nigeria,2000,57.72415
Nigeria,2004,56.68431
Nigeria,2005,56.43905
Nigeria,2006,55.55953
Nigeria,2007,62.3641
Nigeria,2008,58.3847
Nigeria,2009,58.34084
Nigeria,2010,57.67505
Zambia,2000,50.91476
Zambia,2001,50.34601
Zambia,2002,50.68864
Zambia,2004,49.38396
Zambia,2005,45.68314
Zambia,2006,44.26318
Zambia,2007,47.94679
Zambia,2009,45.12689
Zambia,2010,46.07203
Zambia,2011,45.01629
Zambia,2012,42.42458
Zambia,2013,45.77927
Sudan,2011,53.39232
Sudan,2012,47.78244
Sudan,2013,47.39408
Sudan,2014,46.41562
Sudan,2015,46.65182
Sudan,2016,45.59484
Lesotho,2000,41.11872
Lesotho,2001,41.32927
Lesotho,2002,42.0789
Lesotho,2003,42.30552
Lesotho,2004,44.02823
Lesotho,2005,44.50014
Lesotho,2006,44.74107
Lesotho,2007,46.14729
Lesotho,2008,45.6149
Lesotho,2009,45.02147
Lesotho,2010,45.71363
Lesotho,2011,46.32567
Lesotho,2012,45.80909
Lesotho,2013,45.6232
Lesotho,2014,45.9393
Lesotho,2015,46.3215
Lesotho,2016,46.35779
Seychelles,2000,36.11258
Seychelles,2001,45.88145
Seychelles,2002,50.08292
Seychelles,2003,57.2941
Seychelles,2004,52.3061
Seychelles,2005,57.31389
Mauritius,2000,48.4079
Mauritius,2001,46.15341
Mauritius,2002,43.78669
Mauritius,2003,42.99395
Mauritius,2004,43.08978
Mauritius,2005,42.35936
Mauritius,2006,40.90866
Mauritius,2007,40.28336
Mauritius,2008,43.04344
Mauritius,2009,38.45761
Mauritius,2010,34.14824
Mauritius,2011,31.09328
Mauritius,2012,41.07169
Mauritius,2013,34.09742
Mauritius,2014,33.61526
Mauritius,2015,35.40172
Mauritius,2016,34.14848
South Africa,2000,44.78156
South Africa,2001,42.00579
South Africa,2002,40.99376
South Africa,2003,42.43576
South Africa,2004,44.06798
South Africa,2005,44.79349
South Africa,2015,48.20271
Uganda,2009,43.05034
Uganda,2010,44.48955
Uganda,2011,43.07853
Uganda,2013,41.80681
Madagascar,2000,49.50241
Madagascar,2001,49.44512
Madagascar,2002,49.43784
Madagascar,2003,49.73908
South Sudan,2011,55.27031
South Sudan,2015,52.59974
Nauru,2012,47.61905
Nauru,2014,58.42105
Nauru,2016,43.72624
Ethiopia,2000,6436676
Ethiopia,2001,6143921
Ethiopia,2002,6073720
Ethiopia,2003,6191837
Ethiopia,2004,6074924
Ethiopia,2005,4925675
Ethiopia,2006,4498237
Ethiopia,2007,3958993
Ethiopia,2008,3296742
Ethiopia,2009,3454203
Ethiopia,2010,3820035
Ethiopia,2011,3290773
Ethiopia,2012,3152376
Ethiopia,2014,2154446
Ethiopia,2015,2221454
Chad,2000,421676
Chad,2001,425022
Chad,2002,420591
Chad,2003,424275
Chad,2011,485045
Eritrea,2000,252
Eritrea,2001,30
Eritrea,2002,166
Eritrea,2003,43
Eritrea,2004,106
Eritrea,2005,851
Eritrea,2006,444
Eritrea,2007,218
Eritrea,2008,155
Eritrea,2009,114
Eritrea,2010,120
Eritrea,2011,58
Eritrea,2012,50
Eritrea,2013,3637
Eritrea,2014,1601
Eritrea,2015,1618
Kenya,2000,884042
Kenya,2001,865312
Kenya,2002,1038850
Kenya,2003,758144
Kenya,2004,834693
Kenya,2005,835312
Kenya,2006,876594
Kenya,2007,601040
Kenya,2008,722913
Kenya,2009,686797
Kenya,2012,537736
Burkina Faso,2000,1197366
Burkina Faso,2001,1207758
Burkina Faso,2002,1261654
Burkina Faso,2003,1251079
Burkina Faso,2004,1244775
Burkina Faso,2005,1177147
Burkina Faso,2006,1128687
Burkina Faso,2007,1039308
Burkina Faso,2008,927974
Burkina Faso,2009,886778
Burkina Faso,2010,1044362
Burkina Faso,2011,948902
Burkina Faso,2012,945661
Burkina Faso,2013,950308
Burkina Faso,2014,941403
Burkina Faso,2015,920171
Burkina Faso,2016,761443
Equatorial Guinea,2000,10301
Equatorial Guinea,2001,8890
Equatorial Guinea,2002,9832
Equatorial Guinea,2003,11772
Equatorial Guinea,2008,30211
Equatorial Guinea,2009,32455
Equatorial Guinea,2010,34521
Equatorial Guinea,2011,35422
Equatorial Guinea,2012,35960
Equatorial Guinea,2015,43267
Mali,2002,507035
Mali,2003,523685
Mali,2004,518467
Mali,2005,504682
Mali,2006,501069
Mali,2007,492023
Mali,2009,447419
Mali,2010,446874
Mali,2011,446326
Mali,2012,487375
Mali,2014,565995
Mali,2015,627435
Mali,2016,633847
Mauritius,2000,8760
Mauritius,2001,9493
Mauritius,2002,7392
Mauritius,2003,8021
Mauritius,2004,6939
Mauritius,2005,4764
Mauritius,2006,4628
Mauritius,2007,4015
Mauritius,2008,3810
Mauritius,2009,3916
Mauritius,2010,3989
Mauritius,2011,3664
Mauritius,2012,6849
Mauritius,2013,4188
Mauritius,2014,3580
Mauritius,2015,3677
Mauritius,2016,4429
Seychelles,2000,652
Seychelles,2001,1299
Seychelles,2002,603
Seychelles,2003,437
Seychelles,2004,401
Seychelles,2005,378
Botswana,2000,20919
Botswana,2001,18714
Botswana,2002,18875
Botswana,2003,18804
Botswana,2004,19984
Botswana,2005,19173
Botswana,2006,18344
Botswana,2007,19470
Botswana,2008,20157
Botswana,2009,19497
Botswana,2012,9849
Botswana,2013,9122
Botswana,2014,16185
Gambia,2000,29959
Gambia,2001,28495
Gambia,2002,31536
Gambia,2003,26541
Gambia,2004,25893
Gambia,2005,29279
Gambia,2006,25165
Gambia,2007,26133
Gambia,2008,32119
Gambia,2010,38914
Gambia,2011,39613
Gambia,2012,36694
Gambia,2013,43995
Gambia,2014,40131
Gambia,2015,36068
Gambia,2016,32964
Namibia,2000,14527
Namibia,2001,13823
Namibia,2002,11638
Namibia,2003,12495
Namibia,2004,17331
Namibia,2005,17660
Namibia,2006,23757
Namibia,2007,18824
Namibia,2008,21108
Namibia,2009,21690
Namibia,2010,22385
Namibia,2012,19392
Namibia,2013,15622
Cabo Verde,2001,575
Cabo Verde,2002,669
Cabo Verde,2003,1008
Cabo Verde,2004,1595
Cabo Verde,2005,1952
Cabo Verde,2006,2323
Cabo Verde,2007,2983
Cabo Verde,2008,3781
Cabo Verde,2009,4296
Cabo Verde,2010,4506
Cabo Verde,2011,4879
Cabo Verde,2012,4647
Cabo Verde,2013,4610
Cabo Verde,2014,4550
Cabo Verde,2015,4467
Cabo Verde,2016,4761
Algeria,2003,
Algeria,2004,
Algeria,2005,
Algeria,2006,
Algeria,2008,
Algeria,2011,
Djibouti,2000,41265
Djibouti,2001,39088
Djibouti,2002,37892
Djibouti,2004,35547
Djibouti,2005,34959
Djibouti,2006,33340
Djibouti,2007,31841
Djibouti,2008,25514
Djibouti,2009,26116
Djibouti,2011,21732
Djibouti,2013,21486
Djibouti,2014,16812
Djibouti,2015,20438
Djibouti,2016,21960
South Africa,2000,560378
South Africa,2001,555283
South Africa,2002,550274
South Africa,2003,534297
South Africa,2004,547486
South Africa,2005,641312
South Africa,2015,620845
Cameroon,2008,403341
Cameroon,2009,331455
Cameroon,2011,290122
Cameroon,2012,196915
Cameroon,2014,185423
Cameroon,2016,177737
Ethiopia,2000,2928398
Ethiopia,2001,2792814
Ethiopia,2002,2763821
Ethiopia,2003,2835832
Ethiopia,2004,2825467
Ethiopia,2005,2274378
Ethiopia,2006,2098443
Ethiopia,2007,1831564
Ethiopia,2008,1494617
Ethiopia,2009,1616702
Ethiopia,2010,1789655
Ethiopia,2011,1497081
Ethiopia,2012,1427973
Ethiopia,2014,862316
Ethiopia,2015,871716
Sao Tome and Principe,2002,673
Sao Tome and Principe,2003,410
Sao Tome and Principe,2005,271
Sao Tome and Principe,2007,1276
Sao Tome and Principe,2008,1232
Sao Tome and Principe,2009,937
Sao Tome and Principe,2010,1068
Sao Tome and Principe,2013,1404
Sao Tome and Principe,2014,1416
Sao Tome and Principe,2015,1581
Niger,2000,687293
Niger,2001,685094
Niger,2002,685462
Niger,2003,682547
Niger,2004,683945
Niger,2005,709555
Niger,2006,724602
Niger,2007,741073
Niger,2008,727649
Niger,2009,712812
Niger,2010,690832
Niger,2011,653527
Niger,2012,651872
Niger,2013,680839
Niger,2014,702697
Niger,2015,707006
Niger,2016,714446
Uganda,2009,629865
Uganda,2010,880591
Uganda,2011,709806
Uganda,2013,714319
Malawi,2004,11043
Malawi,2005,18068
Malawi,2006,30254
Malawi,2007,80388
Malawi,2008,9394
Malawi,2009,16790
Guinea,2000,332075
Guinea,2001,316337
Guinea,2002,267120
Guinea,2003,249902
Guinea,2004,234754
Guinea,2005,228189
Guinea,2006,219453
Guinea,2007,208584
Guinea,2008,220096
Guinea,2009,212155
Guinea,2010,186409
Guinea,2011,161531
Guinea,2012,167525
Guinea,2013,159216
Guinea,2014,127119
Guinea,2016,132521
Madagascar,2000,731330
Madagascar,2001,727908
Madagascar,2002,736090
Madagascar,2003,529288
Ghana,2000,512308
Ghana,2001,595433
Ghana,2002,566379
Ghana,2003,593275
Ghana,2005,566198
Ghana,2006,586963
Ghana,2007,510108
Ghana,2008,430416
Ghana,2009,462480
Ghana,2011,324209
Ghana,2013,262733
Ghana,2014,218463
Ghana,2015,188478
Ghana,2016,249185
Angola,2008,583484
Angola,2009,628038
Angola,2010,665077
Angola,2011,720643
Central African Republic,2005,336071
Central African Republic,2006,339200
Central African Republic,2007,293663
Central African Republic,2008,239826
Central African Republic,2009,242852
Central African Republic,2010,230870
Central African Republic,2011,247359
Central African Republic,2012,232452
Mali,2002,901491
Mali,2003,930189
Mali,2004,959909
Mali,2005,887424
Mali,2006,885929
Mali,2007,867865
Mali,2009,767203
Mali,2010,771046
Mali,2011,775358
Mali,2012,864236
Mali,2013,1020428
Mali,2014,1037397
Mali,2015,1161723
Mali,2016,1159687
Djibouti,2000,44492
Djibouti,2001,42620
Djibouti,2002,41467
Djibouti,2004,39162
Djibouti,2005,38323
Djibouti,2006,36929
Djibouti,2007,34822
Djibouti,2008,27296
Djibouti,2009,27654
Djibouti,2011,23993
Djibouti,2013,24054
Djibouti,2014,20779
Djibouti,2015,23090
Djibouti,2016,24284
Comoros,2000,29428
Comoros,2007,20935
Comoros,2013,14918
Comoros,2014,19819
Namibia,2000,37260
Namibia,2001,35936
Namibia,2002,32369
Namibia,2003,33991
Namibia,2004,43688
Namibia,2005,44328
Namibia,2006,54503
Namibia,2007,45684
Namibia,2008,48672
Namibia,2009,49582
Namibia,2010,50623
Namibia,2012,43775
Namibia,2013,36051
Côte d'Ivoire,2000,693397
Côte d'Ivoire,2001,652973
Côte d'Ivoire,2002,678849
Côte d'Ivoire,2003,713281
Côte d'Ivoire,2009,804345
Côte d'Ivoire,2013,589122
Côte d'Ivoire,2014,549975
Côte d'Ivoire,2015,495275
Côte d'Ivoire,2016,318196
Guinea,2004,1627
Guinea,2005,1778
Guinea,2006,1006
Guinea,2007,723
Guinea,2008,
Guinea,2010,3733
Guinea,2011,2930
Guinea,2013,4482
Guinea,2014,1977
Guinea,2015,
Guinea,2016,
Congo,2005,121908
Congo,2006,137726
Congo,2010,56387
Congo,2012,32093
Mauritania,2000,88771
Mauritania,2001,84310
Mauritania,2002,85850
Mauritania,2003,80381
Mauritania,2004,65137
Mauritania,2005,68990
Mauritania,2006,64842
Mauritania,2007,63457
Mauritania,2008,72890
Mauritania,2009,77264
Mauritania,2010,77738
Mauritania,2011,76835
Mauritania,2012,80300
Mauritania,2013,76226
Mauritania,2014,71537
Mauritania,2016,84701
Senegal,2000,678676
Senegal,2003,603562
Senegal,2004,664891
Senegal,2005,657481
Senegal,2006,623160
Senegal,2007,586838
Senegal,2008,583517
Senegal,2009,589711
Senegal,2010,586240
Senegal,2011,590985
Senegal,2012,543210
Senegal,2013,585576
Senegal,2014,589130
Senegal,2015,611057
Senegal,2016,677256
Comoros,2013,655
Comoros,2014,2288
Rwanda,2009,
Rwanda,2010,
Rwanda,2011,
Rwanda,2012,
Rwanda,2013,
Rwanda,2014,
Rwanda,2015,4027
Rwanda,2016,3586
Liberia,2006,341178
Liberia,2008,330653
Liberia,2009,361894
Liberia,2011,387613
Liberia,2014,440867
Liberia,2015,453290
Liberia,2016,468085
Eswatini,2009,27193
Eswatini,2010,22135
Eswatini,2011,23357
Eswatini,2012,23292
Eswatini,2013,26251
Eswatini,2014,25479
Eswatini,2015,26857
Eswatini,2016,28104
Burkina Faso,2000,548300
Burkina Faso,2001,553627
Burkina Faso,2002,584701
Burkina Faso,2003,577948
Burkina Faso,2004,576742
Burkina Faso,2005,540972
Burkina Faso,2006,517082
Burkina Faso,2007,471145
Burkina Faso,2008,418466
Burkina Faso,2009,403084
Burkina Faso,2010,498827
Burkina Faso,2011,454932
Burkina Faso,2012,458467
Burkina Faso,2013,465969
Burkina Faso,2014,460408
Burkina Faso,2015,450238
Burkina Faso,2016,370444
Guinea-Bissau,2000,45049
Guinea-Bissau,2010,31046
Cabo Verde,2001,85
Cabo Verde,2002,189
Cabo Verde,2003,193
Cabo Verde,2004,71
Cabo Verde,2005,155
Cabo Verde,2006,274
Cabo Verde,2007,
Cabo Verde,2008,58
Cabo Verde,2009,
Cabo Verde,2010,
Cabo Verde,2011,
Cabo Verde,2012,
Cabo Verde,2013,
Cabo Verde,2014,1
Cabo Verde,2015,1
Cabo Verde,2016,
Central African Republic,2005,142507
Central African Republic,2006,142632
Central African Republic,2007,114404
Central African Republic,2008,85446
Central African Republic,2009,85734
Central African Republic,2010,79513
Central African Republic,2011,90325
Central African Republic,2012,85211
Malawi,2002,31719
Malawi,2004,61593
Malawi,2005,75790
Malawi,2006,113320
Malawi,2007,225258
Malawi,2008,75910
Malawi,2009,81563
Mozambique,2000,859276
Mozambique,2001,808265
Mozambique,2002,886962
Mozambique,2004,701097
Mozambique,2005,619768
Mozambique,2006,556282
Mozambique,2007,465610
Mozambique,2008,400752
Mozambique,2009,373562
Mozambique,2010,349524
Mozambique,2011,401711
Mozambique,2012,404567
Mozambique,2013,387375
Mozambique,2014,377065
Mozambique,2015,352466
Mozambique,2016,370181
Rwanda,2002,106998
Rwanda,2003,67531
Rwanda,2016,33871
Guinea-Bissau,2000,107130
Guinea-Bissau,2010,66306
Morocco,2000,941308
Morocco,2001,783331
Morocco,2002,613379
Morocco,2003,555484
Morocco,2004,550928
Morocco,2005,499077
Morocco,2006,437510
Morocco,2007,379705
Morocco,2008,352839
Morocco,2009,366356
Morocco,2010,265628
Morocco,2011,235594
Morocco,2012,262691
Morocco,2013,215085
Morocco,2014,239256
Morocco,2016,201738
Tunisia,2000,35209
Tunisia,2001,20676
Tunisia,2005,6918
Tunisia,2006,6737
Tunisia,2007,12722
Tunisia,2008,11573
Tunisia,2009,8340
Algeria,2000,251025
Algeria,2001,198372
Algeria,2002,161776
Algeria,2003,143424
Algeria,2004,122250
Algeria,2005,111643
Algeria,2006,103853
Algeria,2007,93070
Algeria,2008,63599
Algeria,2016,27799
Togo,2000,117954
Togo,2001,95805
Togo,2002,74043
Togo,2003,89760
Togo,2004,68439
Togo,2005,75743
Togo,2006,59801
Togo,2007,91815
Togo,2008,83153
Togo,2014,98079
Togo,2015,40476
Togo,2016,107922
Egypt,2000,525918
Egypt,2001,466679
Egypt,2002,412330
Egypt,2003,340084
Egypt,2004,263996
Egypt,2012,182736
Egypt,2014,207550
Egypt,2016,109379
Sierra Leone,2012,74458
Sierra Leone,2013,14945
Sierra Leone,2015,60624
Sierra Leone,2016,10119
Botswana,2000,47336
Botswana,2001,42758
Botswana,2002,42425
Botswana,2003,42542
Botswana,2004,40195
Botswana,2005,42860
Botswana,2006,39567
Botswana,2007,41771
Botswana,2008,43149
Botswana,2009,40816
Botswana,2012,21786
Botswana,2013,19812
Botswana,2014,33883
Gambia,2000,53146
Gambia,2001,52644
Gambia,2002,58720
Gambia,2003,53063
Gambia,2004,54757
Gambia,2005,63290
Gambia,2006,55264
Gambia,2007,58127
Gambia,2008,71546
Gambia,2010,82111
Gambia,2011,85158
Gambia,2012,81095
Gambia,2013,95817
Gambia,2014,90228
Gambia,2015,83324
Gambia,2016,78791
Morocco,2000,45803
Morocco,2001,21554
Morocco,2002,4420
Morocco,2003,8492
Morocco,2006,5291
Morocco,2007,8024
Morocco,2008,5586
Morocco,2010,6561
Morocco,2011,7435
Morocco,2012,8144
Cameroon,2011,50534
Cameroon,2012,7951
Cameroon,2014,8347
Cameroon,2016,10140
Zimbabwe,2000,310035
Zimbabwe,2001,262808
Zimbabwe,2002,348766
Zimbabwe,2003,382735
Zimbabwe,2012,314374
Zimbabwe,2013,398579
Benin,2006,142666
Benin,2008,114582
Benin,2011,78008
Egypt,2000,1218103
Egypt,2001,1067124
Egypt,2002,927592
Egypt,2003,767947
Egypt,2004,579293
Egypt,2005,636785
Egypt,2006,815532
Egypt,2007,280054
Egypt,2009,189378
Egypt,2010,103493
Egypt,2011,488303
Egypt,2012,332520
Egypt,2014,360955
Egypt,2016,154511
South Africa,2000,250946
South Africa,2001,233251
South Africa,2002,225578
South Africa,2003,226733
South Africa,2004,241266
South Africa,2005,287266
South Africa,2015,299264
Cameroon,2007,4419
Cameroon,2008,9052
Cameroon,2009,12468
Cameroon,2010,13157
Cameroon,2011,13771
Cameroon,2012,15924
Cameroon,2014,16611
Cameroon,2015,15994
Cameroon,2016,20042
Niger,2000,1311189
Niger,2001,1291740
Niger,2002,1269196
Niger,2003,1248581
Niger,2004,1233282
Niger,2005,1291671
Niger,2006,1319307
Niger,2007,1347609
Niger,2008,1324820
Niger,2009,1288503
Niger,2010,1236386
Niger,2011,1153161
Niger,2012,1158516
Niger,2013,1217862
Niger,2014,1270717
Niger,2015,1270362
Niger,2016,1282980
Gambia,2000,23187
Gambia,2001,24149
Gambia,2002,27184
Gambia,2003,26522
Gambia,2004,28864
Gambia,2005,34011
Gambia,2006,30099
Gambia,2007,31994
Gambia,2008,39427
Gambia,2010,43197
Gambia,2011,45545
Gambia,2012,44401
Gambia,2013,51822
Gambia,2014,50097
Gambia,2015,47256
Gambia,2016,45827
Equatorial Guinea,2000,14961
Equatorial Guinea,2001,12123
Equatorial Guinea,2002,13555
Equatorial Guinea,2003,14053
Equatorial Guinea,2008,30070
Equatorial Guinea,2009,31931
Equatorial Guinea,2010,33622
Equatorial Guinea,2011,34212
Equatorial Guinea,2012,34737
Equatorial Guinea,2015,41360
Seychelles,2007,162
Seychelles,2009,188
Seychelles,2011,149
Seychelles,2012,169
Seychelles,2013,166
Seychelles,2014,170
Seychelles,2015,167
Seychelles,2016,153
Mozambique,2000,1520991
Mozambique,2001,1421891
Mozambique,2002,1634076
Mozambique,2004,1253278
Mozambique,2005,1091389
Mozambique,2006,969658
Mozambique,2007,782668
Mozambique,2008,658934
Mozambique,2009,624314
Mozambique,2010,572998
Mozambique,2011,692394
Mozambique,2012,697823
Mozambique,2013,659416
Mozambique,2014,642008
Mozambique,2015,579211
Mozambique,2016,649097
Cabo Verde,2000,303
Cabo Verde,2001,1261
Cabo Verde,2002,1560
Cabo Verde,2003,2047
Cabo Verde,2004,3489
Cabo Verde,2005,3972
Cabo Verde,2006,4662
Cabo Verde,2007,5741
Cabo Verde,2008,7154
Cabo Verde,2009,8048
Cabo Verde,2010,8660
Cabo Verde,2011,9202
Cabo Verde,2012,8748
Cabo Verde,2013,8906
Cabo Verde,2014,8730
Cabo Verde,2015,8646
Cabo Verde,2016,9041
Ghana,2000,1017959
Ghana,2001,1199544
Ghana,2002,1146907
Ghana,2003,1215533
Ghana,2005,1147460
Ghana,2006,1208785
Ghana,2007,1043671
Ghana,2008,884821
Ghana,2009,944675
Ghana,2011,667257
Ghana,2012,716870
Ghana,2013,541782
Ghana,2014,453623
Ghana,2015,395157
Ghana,2016,544370
Sao Tome and Principe,2002,835
Sao Tome and Principe,2003,519
Sao Tome and Principe,2004,240
Sao Tome and Principe,2005,290
Sao Tome and Principe,2007,2747
Sao Tome and Principe,2008,2582
Sao Tome and Principe,2009,2375
Sao Tome and Principe,2010,2444
Sao Tome and Principe,2013,2894
Sao Tome and Principe,2014,2772
Sao Tome and Principe,2015,2834
Comoros,2000,12563
Comoros,2007,9203
Comoros,2013,6293
Comoros,2014,9271
Cabo Verde,2001,686
Cabo Verde,2002,891
Cabo Verde,2003,1039
Cabo Verde,2004,1894
Cabo Verde,2005,2020
Cabo Verde,2006,2339
Cabo Verde,2007,2758
Cabo Verde,2008,3373
Cabo Verde,2009,3752
Cabo Verde,2010,4154
Cabo Verde,2011,4323
Cabo Verde,2012,4101
Cabo Verde,2013,4296
Cabo Verde,2014,4180
Cabo Verde,2015,4179
Cabo Verde,2016,4280
Guinea,2000,429074
Guinea,2001,410548
Guinea,2002,369421
Guinea,2003,348958
Guinea,2004,330942
Guinea,2005,317607
Guinea,2006,300817
Guinea,2007,289076
Guinea,2008,302351
Guinea,2009,297419
Guinea,2010,292931
Guinea,2011,255718
Guinea,2012,265646
Guinea,2013,262952
Guinea,2014,235658
Guinea,2016,273957
Ghana,2000,505651
Ghana,2001,604111
Ghana,2002,580528
Ghana,2003,622258
Ghana,2005,581262
Ghana,2006,621822
Ghana,2007,533563
Ghana,2008,454405
Ghana,2009,482195
Ghana,2011,343048
Ghana,2013,279049
Ghana,2014,235160
Ghana,2015,206679
Ghana,2016,295185
Lesotho,2000,29110
Lesotho,2001,29052
Lesotho,2002,29066
Lesotho,2003,29253
Lesotho,2004,34379
Lesotho,2005,36131
Lesotho,2006,35915
Lesotho,2007,41150
Lesotho,2008,38660
Lesotho,2009,36914
Lesotho,2010,33813
Lesotho,2011,31690
Lesotho,2012,29130
Lesotho,2013,32142
Lesotho,2014,31394
Lesotho,2015,31752
Lesotho,2016,31368
Chad,2000,694944
Chad,2001,703731
Chad,2002,680278
Chad,2003,685384
Chad,2011,801961
Burkina Faso,2001,
Burkina Faso,2009,
Burkina Faso,2011,3022
Burkina Faso,2013,5455
Burkina Faso,2014,3499
Burkina Faso,2015,2850
Burkina Faso,2016,
Côte d'Ivoire,2000,
Côte d'Ivoire,2001,
Côte d'Ivoire,2002,
Côte d'Ivoire,2003,
Côte d'Ivoire,2009,735
Côte d'Ivoire,2012,
Côte d'Ivoire,2013,1963
Côte d'Ivoire,2014,2526
Côte d'Ivoire,2016,2095
Botswana,2000,26417
Botswana,2001,24044
Botswana,2002,23550
Botswana,2003,23738
Botswana,2004,20211
Botswana,2005,23687
Botswana,2006,21223
Botswana,2007,22301
Botswana,2008,22992
Botswana,2009,21319
Botswana,2012,11937
Botswana,2013,10690
Botswana,2014,17698
Congo,2005,270428
Congo,2006,260496
Congo,2010,102428
Congo,2012,90113
Madagascar,2000,362026
Madagascar,2001,359915
Madagascar,2002,363907
Madagascar,2003,263263
Benin,2003,191158
Benin,2004,157142
Benin,2005,213657
Benin,2006,176619
Benin,2008,139539
Benin,2009,83737
Benin,2010,75552
Benin,2011,79068
Benin,2012,70197
Benin,2014,59913
Uganda,2009,271159
Uganda,2010,391771
Uganda,2011,305774
Uganda,2013,298634
Tunisia,2000,56146
Tunisia,2001,32402
Tunisia,2002,6046
Tunisia,2003,3391
Tunisia,2004,1734
Tunisia,2005,11952
Tunisia,2006,14157
Tunisia,2007,23676
Tunisia,2008,19772
Tunisia,2009,13596
Tunisia,2010,3511
Tunisia,2011,3492
Tunisia,2012,1014
Tunisia,2013,3675
Zambia,2000,343139
Zambia,2001,352481
Zambia,2002,334802
Zambia,2004,210109
Zambia,2005,115492
Zambia,2006,136177
Zambia,2007,124572
Zambia,2009,155195
Zambia,2010,195866
Zambia,2011,148213
Zambia,2012,122498
Zambia,2013,166355
Madagascar,2000,4394
Madagascar,2001,3905
Madagascar,2006,3148
Madagascar,2007,3257
Madagascar,2009,4449
Madagascar,2013,7938
Madagascar,2014,8424
Madagascar,2016,20474
Seychelles,2000,235
Seychelles,2001,596
Seychelles,2002,302
Seychelles,2003,250
Seychelles,2004,210
Seychelles,2005,217
Ethiopia,2000,3508278
Ethiopia,2001,3351505
Ethiopia,2002,3309899
Ethiopia,2003,3356005
Ethiopia,2004,3249457
Ethiopia,2005,2651297
Ethiopia,2006,2399794
Ethiopia,2007,2127429
Ethiopia,2008,1802125
Ethiopia,2009,1837501
Ethiopia,2010,2030380
Ethiopia,2011,1793692
Ethiopia,2012,1724403
Ethiopia,2014,1292130
Ethiopia,2015,1349738
Liberia,2006,168048
Liberia,2008,166610
Liberia,2009,182879
Liberia,2011,194028
Liberia,2014,219579
Liberia,2015,226722
Guinea-Bissau,2000,62081
Guinea-Bissau,2010,35260
Comoros,2013,700
Comoros,2014,2186
Morocco,2000,545771
Morocco,2001,447978
Morocco,2002,353115
Morocco,2003,315746
Morocco,2004,308650
Morocco,2005,281902
Morocco,2006,249587
Morocco,2007,215612
Morocco,2008,197214
Morocco,2009,193572
Morocco,2010,139834
Morocco,2011,120024
Morocco,2012,131380
Morocco,2013,106670
Morocco,2014,119261
Morocco,2016,101425
Algeria,2000,186354
Algeria,2001,135953
Algeria,2002,110336
Algeria,2003,99116
Algeria,2004,80858
Algeria,2005,71568
Algeria,2006,63815
Algeria,2007,60720
Algeria,2008,36745
Algeria,2016,61
Benin,2006,33953
Benin,2008,24957
Benin,2011,1060
Egypt,2000,692185
Egypt,2001,600445
Egypt,2002,515262
Egypt,2003,427863
Egypt,2004,315297
Egypt,2012,149784
Egypt,2014,153405
Egypt,2016,45132
Cameroon,2011,239588
Cameroon,2012,188964
Cameroon,2014,177076
Cameroon,2016,167597
Madagascar,2000,3945
Madagascar,2001,3458
Madagascar,2006,2711
Madagascar,2007,3110
Madagascar,2009,4179
Madagascar,2013,7221
Madagascar,2014,7821
Madagascar,2016,20254
Lesotho,2013,5849
Lesotho,2014,4748
Lesotho,2015,4847
Lesotho,2016,5344
Guinea,2000,761149
Guinea,2001,726885
Guinea,2002,636541
Guinea,2003,598860
Guinea,2004,565696
Guinea,2005,545796
Guinea,2006,520270
Guinea,2007,497660
Guinea,2008,522447
Guinea,2009,509574
Guinea,2010,479340
Guinea,2011,417249
Guinea,2012,433171
Guinea,2013,422168
Guinea,2014,362777
Guinea,2016,406478
Eswatini,2009,54687
Eswatini,2010,43671
Eswatini,2011,41699
Eswatini,2012,44254
Eswatini,2013,51754
Eswatini,2014,50405
Eswatini,2015,53082
Eswatini,2016,54963
Zimbabwe,2000,150629
Zimbabwe,2001,123128
Zimbabwe,2002,165839
Zimbabwe,2003,179704
Zimbabwe,2012,144741
Zimbabwe,2013,188409
Rwanda,2002,226461
Rwanda,2003,143395
Rwanda,2016,76897
Angola,2008,944110
Angola,2009,1011340
Angola,2010,1005390
Angola,2011,955329
Zambia,2000,673948
Zambia,2001,700117
Zambia,2002,660507
Zambia,2004,425460
Zambia,2005,252811
Zambia,2006,307653
Zambia,2007,259813
Zambia,2008,256643
Zambia,2009,343908
Zambia,2010,425130
Zambia,2011,329243
Zambia,2012,288743
Zambia,2013,363385
Burkina Faso,2000,649066
Burkina Faso,2001,654131
Burkina Faso,2002,676953
Burkina Faso,2003,673131
Burkina Faso,2004,668033
Burkina Faso,2005,636175
Burkina Faso,2006,611605
Burkina Faso,2007,568163
Burkina Faso,2008,509508
Burkina Faso,2009,483694
Burkina Faso,2010,545535
Burkina Faso,2011,493970
Burkina Faso,2012,487194
Burkina Faso,2013,484339
Burkina Faso,2014,480995
Burkina Faso,2015,469933
Burkina Faso,2016,390999
Nigeria,2000,6573258
Nigeria,2004,6826372
Nigeria,2005,6911520
Nigeria,2006,6989670
Nigeria,2007,6542314
Nigeria,2008,8358777
Nigeria,2009,8359978
Nigeria,2010,8628878
Côte d'Ivoire,2000,477043
Côte d'Ivoire,2001,432160
Côte d'Ivoire,2002,431007
Côte d'Ivoire,2003,552666
Côte d'Ivoire,2009,646578
Côte d'Ivoire,2013,495729
Côte d'Ivoire,2014,388620
Côte d'Ivoire,2015,323344
Côte d'Ivoire,2016,143696
Angola,2008,360626
Angola,2009,383302
Angola,2010,340313
Angola,2011,234686
Central African Republic,2005,193564
Central African Republic,2006,196568
Central African Republic,2007,179259
Central African Republic,2008,154380
Central African Republic,2009,157118
Central African Republic,2010,151357
Central African Republic,2011,157034
Central African Republic,2012,147241
Sudan,2011,2341174
Sudan,2012,2536411
Sudan,2013,2588511
Sudan,2014,2618386
Sudan,2015,2620166
Sudan,2016,2519713
Nauru,2012,315
Nauru,2014,190
Nauru,2016,263
Togo,2001,85864
Togo,2003,80145
Togo,2004,67992
Togo,2005,69196
Togo,2007,73146
Togo,2008,67212
Togo,2014,67180
Togo,2016,71833
Comoros,2000,16865
Comoros,2007,11732
Comoros,2013,8625
Comoros,2014,10548
Algeria,2000,437379
Algeria,2001,334325
Algeria,2002,272112
Algeria,2003,242540
Algeria,2004,203108
Algeria,2005,183211
Algeria,2006,167668
Algeria,2007,153790
Algeria,2008,100344
Algeria,2009,29957
Algeria,2010,31982
Algeria,2011,27410
Algeria,2012,26026
Algeria,2015,24862
Algeria,2016,27860
Côte d'Ivoire,2000,1170440
Côte d'Ivoire,2001,1085133
Côte d'Ivoire,2002,1109856
Côte d'Ivoire,2003,1265947
Côte d'Ivoire,2009,1450923
Côte d'Ivoire,2013,1084851
Côte d'Ivoire,2014,938595
Côte d'Ivoire,2015,818619
Côte d'Ivoire,2016,461892
Mauritania,2000,175827
Mauritania,2001,165076
Mauritania,2002,172176
Mauritania,2003,162563
Mauritania,2004,134069
Mauritania,2005,144040
Mauritania,2006,134940
Mauritania,2007,133944
Mauritania,2008,155302
Mauritania,2009,162835
Mauritania,2010,164661
Mauritania,2011,165602
Mauritania,2012,176191
Mauritania,2013,164479
Mauritania,2014,155766
Mauritania,2016,184325
Congo,2005,148520
Congo,2006,122770
Congo,2010,46041
Congo,2012,58020
Mauritius,2000,4240
Mauritius,2001,4381
Mauritius,2002,3237
Mauritius,2003,3449
Mauritius,2004,2990
Mauritius,2005,2018
Mauritius,2006,1893
Mauritius,2007,1617
Mauritius,2008,1640
Mauritius,2009,1506
Mauritius,2010,1362
Mauritius,2011,1139
Mauritius,2012,2813
Mauritius,2013,1428
Mauritius,2014,1204
Mauritius,2015,1302
Mauritius,2016,1512
Equatorial Guinea,2000,25262
Equatorial Guinea,2001,21013
Equatorial Guinea,2002,23387
Equatorial Guinea,2003,25825
Equatorial Guinea,2008,60281
Equatorial Guinea,2009,64386
Equatorial Guinea,2010,68143
Equatorial Guinea,2011,69634
Equatorial Guinea,2012,70697
Equatorial Guinea,2015,84627
Senegal,2000,366498
Senegal,2003,323305
Senegal,2004,340338
Senegal,2005,333280
Senegal,2006,311126
Senegal,2007,288162
Senegal,2008,279495
Senegal,2009,277280
Senegal,2010,270358
Senegal,2011,268375
Senegal,2012,237502
Senegal,2013,256824
Senegal,2014,255291
Senegal,2015,261307
Senegal,2016,290447
Djibouti,2000,85757
Djibouti,2001,81708
Djibouti,2002,79359
Djibouti,2004,74709
Djibouti,2005,73282
Djibouti,2006,70269
Djibouti,2007,66663
Djibouti,2008,52810
Djibouti,2009,53770
Djibouti,2011,45725
Djibouti,2013,45540
Djibouti,2014,37591
Djibouti,2015,43528
Djibouti,2016,46244
Lesotho,2000,70795
Lesotho,2001,70294
Lesotho,2002,69075
Lesotho,2003,69147
Lesotho,2004,78084
Lesotho,2005,81193
Lesotho,2006,80273
Lesotho,2007,89171
Lesotho,2008,84753
Lesotho,2009,81992
Lesotho,2010,73967
Lesotho,2011,68407
Lesotho,2012,63590
Lesotho,2013,70451
Lesotho,2014,68338
Lesotho,2015,68547
Lesotho,2016,67665
Lesotho,2000,41685
Lesotho,2001,41242
Lesotho,2002,40009
Lesotho,2003,39894
Lesotho,2004,43705
Lesotho,2005,45062
Lesotho,2006,44358
Lesotho,2007,48021
Lesotho,2008,46093
Lesotho,2009,45078
Lesotho,2010,40154
Lesotho,2011,36717
Lesotho,2012,34460
Lesotho,2013,38309
Lesotho,2014,36944
Lesotho,2015,36795
Lesotho,2016,36297
Zambia,2000,330809
Zambia,2001,347636
Zambia,2002,325705
Zambia,2004,215351
Zambia,2005,137319
Zambia,2006,171476
Zambia,2007,135241
Zambia,2009,188713
Zambia,2010,229264
Zambia,2011,181030
Zambia,2012,166245
Zambia,2013,197030
Sudan,2011,1091167
Sudan,2012,1324452
Sudan,2013,1361710
Sudan,2014,1403046
Sudan,2015,1397811
Sudan,2016,1370854
Seychelles,2000,417
Seychelles,2001,703
Seychelles,2002,301
Seychelles,2003,187
Seychelles,2004,191
Seychelles,2005,161
Mauritania,2000,87056
Mauritania,2001,80766
Mauritania,2002,86326
Mauritania,2003,82182
Mauritania,2004,68932
Mauritania,2005,75050
Mauritania,2006,70098
Mauritania,2007,70487
Mauritania,2008,82412
Mauritania,2009,85571
Mauritania,2010,86923
Mauritania,2011,88767
Mauritania,2012,95891
Mauritania,2013,88253
Mauritania,2014,84229
Mauritania,2016,99624
Rwanda,2002,119463
Rwanda,2003,75864
Rwanda,2016,43026
Eswatini,2009,27494
Eswatini,2010,21536
Eswatini,2011,18342
Eswatini,2012,20962
Eswatini,2013,25503
Eswatini,2014,24926
Eswatini,2015,26225
Eswatini,2016,26859
Nigeria,2000,2778901
Nigeria,2004,2956890
Nigeria,2005,3010724
Nigeria,2006,3106242
Nigeria,2007,2462259
Nigeria,2008,3478530
Nigeria,2009,3482697
Nigeria,2010,3652168
Mauritius,2000,4519
Mauritius,2001,5112
Mauritius,2002,4156
Mauritius,2003,4573
Mauritius,2004,3949
Mauritius,2005,2746
Mauritius,2006,2735
Mauritius,2007,2398
Mauritius,2008,2170
Mauritius,2009,2410
Mauritius,2010,2627
Mauritius,2011,2525
Mauritius,2012,4036
Mauritius,2013,2760
Mauritius,2014,2377
Mauritius,2015,2375
Mauritius,2016,2916
Uganda,2009,358706
Uganda,2010,488820
Uganda,2011,404032
Uganda,2013,415685
Madagascar,2000,369304
Madagascar,2001,367993
Madagascar,2002,372183
Madagascar,2003,266025
Zimbabwe,2000,159406
Zimbabwe,2001,139680
Zimbabwe,2002,182927
Zimbabwe,2003,203031
Zimbabwe,2012,169633
Zimbabwe,2013,210170
Malawi,2004,50550
Malawi,2005,57722
Malawi,2006,83066
Malawi,2007,144870
Malawi,2008,66516
Malawi,2009,64773
Namibia,2000,22733
Namibia,2001,22113
Namibia,2002,20731
Namibia,2003,21496
Namibia,2004,26357
Namibia,2005,26668
Namibia,2006,30746
Namibia,2007,26860
Namibia,2008,27564
Namibia,2009,27892
Namibia,2010,28238
Namibia,2012,24383
Namibia,2013,20429
Togo,2001,9941
Togo,2003,9615
Togo,2004,447
Togo,2005,6547
Togo,2007,18669
Togo,2008,15941
Togo,2014,30899
Togo,2016,36089
Niger,2000,623896
Niger,2001,606646
Niger,2002,583734
Niger,2003,566034
Niger,2004,549337
Niger,2005,582116
Niger,2006,594705
Niger,2007,606536
Niger,2008,597171
Niger,2009,575691
Niger,2010,545554
Niger,2011,499634
Niger,2012,506644
Niger,2013,537023
Niger,2014,568020
Niger,2015,563356
Niger,2016,568534
Kenya,2000,947902
Kenya,2001,920827
Kenya,2002,1071226
Kenya,2003,772857
Kenya,2004,848910
Kenya,2005,859861
Kenya,2006,926813
Kenya,2007,612063
Kenya,2008,769992
Kenya,2009,733817
Kenya,2012,676463
Senegal,2000,312178
Senegal,2003,280257
Senegal,2004,324553
Senegal,2005,324201
Senegal,2006,312034
Senegal,2007,298676
Senegal,2008,304022
Senegal,2009,312431
Senegal,2010,315882
Senegal,2011,322610
Senegal,2012,305708
Senegal,2013,328752
Senegal,2014,333839
Senegal,2015,349750
Senegal,2016,386809
Liberia,2006,173130
Liberia,2008,164043
Liberia,2009,179015
Liberia,2011,193585
Liberia,2014,221288
Liberia,2015,226568
Morocco,2000,395537
Morocco,2001,335353
Morocco,2002,260264
Morocco,2003,239738
Morocco,2004,242278
Morocco,2005,217175
Morocco,2006,187923
Morocco,2007,164093
Morocco,2008,155625
Morocco,2009,172784
Morocco,2010,125794
Morocco,2011,115570
Morocco,2012,131311
Morocco,2013,108415
Morocco,2014,119995
Morocco,2016,100313
Tunisia,2000,20937
Tunisia,2001,11726
Tunisia,2005,5034
Tunisia,2006,7420
Tunisia,2007,10954
Tunisia,2008,8199
Tunisia,2009,5256
Mozambique,2000,661715
Mozambique,2001,613626
Mozambique,2002,747114
Mozambique,2004,552181
Mozambique,2005,471621
Mozambique,2006,413376
Mozambique,2007,317058
Mozambique,2008,258182
Mozambique,2009,250752
Mozambique,2010,223474
Mozambique,2011,290683
Mozambique,2012,293256
Mozambique,2013,272041
Mozambique,2014,264943
Mozambique,2015,226745
Mozambique,2016,278916
Sao Tome and Principe,2002,162
Sao Tome and Principe,2003,109
Sao Tome and Principe,2005,19
Sao Tome and Principe,2007,1471
Sao Tome and Principe,2008,1350
Sao Tome and Principe,2009,1438
Sao Tome and Principe,2010,1376
Sao Tome and Principe,2013,1490
Sao Tome and Principe,2014,1356
Sao Tome and Principe,2015,1253
Chad,2000,273268
Chad,2001,278709
Chad,2002,259687
Chad,2003,261109
Chad,2011,316916
Algeria,2003,
Algeria,2004,
Algeria,2005,
Algeria,2006,
Algeria,2008,
Algeria,2011,
Sudan,2011,1250007
Sudan,2012,1211959
Sudan,2013,1226801
Sudan,2014,1215340
Sudan,2015,1222355
Sudan,2016,1148859
Nauru,2012,150
Nauru,2014,111
Nauru,2016,115
Niger,2000,
Niger,2001,
Niger,2002,
Niger,2003,
Niger,2004,
Niger,2005,
Niger,2006,
Niger,2007,
Niger,2010,
Niger,2011,
Niger,2012,
Niger,2013,
Niger,2016,
Nigeria,2000,3794357
Nigeria,2004,3869482
Nigeria,2005,3900796
Nigeria,2006,3883428
Nigeria,2007,4080055
Nigeria,2008,4880247
Nigeria,2009,4877281
Nigeria,2010,4976710
South Africa,2000,309432
South Africa,2001,322032
South Africa,2002,324696
South Africa,2003,307564
South Africa,2004,306220
South Africa,2005,354046
South Africa,2015,321581
Botswana,2005,1960
Botswana,2006,1728
Botswana,2008,1587
Botswana,2009,1425
Botswana,2012,1056
Lesotho,2013,11796
Lesotho,2014,9409
Lesotho,2015,9751
Lesotho,2016,10613
Senegal,2009,4917
Senegal,2010,5852
Senegal,2011,7172
Senegal,2012,4193
Senegal,2013,4777
Senegal,2014,4938
Senegal,2015,4126
Senegal,2016,
Madagascar,2000,8339
Madagascar,2001,7363
Madagascar,2006,5859
Madagascar,2007,6367
Madagascar,2009,8628
Madagascar,2013,15159
Madagascar,2014,16245
Madagascar,2016,40728
Mali,2010,391
Mali,2011,426
Mali,2013,500
Mali,2014,550
Mali,2015,980
Algeria,2003,
Algeria,2004,
Algeria,2005,
Algeria,2006,
Algeria,2008,
Algeria,2011,
Sierra Leone,2012,33693
Sierra Leone,2013,6751
Sierra Leone,2015,29492
Sierra Leone,2016,6787
Kenya,2000,1831944
Kenya,2001,1786139
Kenya,2002,2110076
Kenya,2003,1531001
Kenya,2004,1683603
Kenya,2005,1695173
Kenya,2006,1803407
Kenya,2007,1213103
Kenya,2008,1492905
Kenya,2009,1420614
Kenya,2012,1214199
Cameroon,2007,2080
Cameroon,2008,4479
Cameroon,2009,6273
Cameroon,2010,6557
Cameroon,2011,6606
Cameroon,2012,7951
Cameroon,2014,8347
Cameroon,2015,8071
Cameroon,2016,10140
Eritrea,2000,511
Eritrea,2001,67
Eritrea,2002,330
Eritrea,2003,112
Eritrea,2004,251
Eritrea,2005,1636
Eritrea,2006,823
Eritrea,2007,325
Eritrea,2008,279
Eritrea,2009,215
Eritrea,2010,232
Eritrea,2011,125
Eritrea,2012,73
Eritrea,2013,7425
Eritrea,2014,3147
Eritrea,2015,3333
Mauritius,2000,4228
Mauritius,2001,4514
Mauritius,2002,3332
Mauritius,2003,3422
Mauritius,2004,2488
Mauritius,2005,2052
Mauritius,2006,2020
Mauritius,2007,1663
Mauritius,2008,1717
Mauritius,2009,1431
Mauritius,2010,1418
Mauritius,2011,1191
Mauritius,2012,1092
Mauritius,2013,945
Mauritius,2014,1147
Mauritius,2015,1313
Mauritius,2016,1491
Mali,2002,394456
Mali,2003,406504
Mali,2004,441442
Mali,2005,382742
Mali,2006,384860
Mali,2007,375842
Mali,2009,319784
Mali,2010,324172
Mali,2011,329032
Mali,2012,376861
Mali,2014,471402
Mali,2015,534288
Mali,2016,525840
Mauritius,2000,8468
Mauritius,2001,8896
Mauritius,2002,6569
Mauritius,2003,6871
Mauritius,2004,4786
Mauritius,2005,3989
Mauritius,2006,3913
Mauritius,2007,3280
Mauritius,2008,3357
Mauritius,2009,2824
Mauritius,2010,2780
Mauritius,2011,2330
Mauritius,2012,2119
Mauritius,2013,1883
Mauritius,2014,2350
Mauritius,2015,2614
Mauritius,2016,3003
Niger,2000,
Niger,2001,
Niger,2002,
Niger,2003,
Niger,2004,
Niger,2005,
Niger,2006,
Niger,2007,
Niger,2010,
Niger,2011,
Niger,2012,
Niger,2013,
Niger,2016,
Botswana,2005,2082
Botswana,2006,1886
Botswana,2008,1722
Botswana,2009,1540
Botswana,2012,1147
Senegal,2009,4431
Senegal,2010,5025
Senegal,2011,6065
Senegal,2012,3826
Senegal,2013,4382
Senegal,2014,4432
Senegal,2015,3629
Senegal,2016,
Rwanda,2009,
Rwanda,2010,
Rwanda,2011,
Rwanda,2012,
Rwanda,2013,
Rwanda,2014,
Rwanda,2015,3747
Rwanda,2016,3353
Botswana,2005,4042
Botswana,2006,3614
Botswana,2008,3309
Botswana,2009,2965
Botswana,2012,2203
Eritrea,2000,259
Eritrea,2001,37
Eritrea,2002,164
Eritrea,2003,69
Eritrea,2004,145
Eritrea,2005,785
Eritrea,2006,379
Eritrea,2007,107
Eritrea,2008,124
Eritrea,2009,101
Eritrea,2010,112
Eritrea,2011,67
Eritrea,2012,23
Eritrea,2013,3788
Eritrea,2014,1546
Eritrea,2015,1715
Sierra Leone,2012,40765
Sierra Leone,2013,8195
Sierra Leone,2015,31132
Sierra Leone,2016,3332
Togo,2000,
Togo,2001,
Togo,2002,
Togo,2003,
Togo,2007,
Togo,2009,
Togo,2010,
Togo,2011,
Togo,2012,
Togo,2014,
Togo,2015,
Seychelles,2007,176
Seychelles,2009,178
Seychelles,2011,129
Seychelles,2012,161
Seychelles,2013,135
Seychelles,2014,177
Seychelles,2015,133
Seychelles,2016,143
Côte d'Ivoire,2000,
Côte d'Ivoire,2001,
Côte d'Ivoire,2002,
Côte d'Ivoire,2003,
Côte d'Ivoire,2009,1640
Côte d'Ivoire,2012,
Côte d'Ivoire,2013,4222
Côte d'Ivoire,2014,5475
Côte d'Ivoire,2016,4298
Togo,2000,
Togo,2001,
Togo,2002,
Togo,2003,
Togo,2007,
Togo,2009,
Togo,2010,
Togo,2011,
Togo,2012,
Togo,2014,
Togo,2015,
Burkina Faso,2001,
Burkina Faso,2009,
Burkina Faso,2011,1485
Burkina Faso,2013,2633
Burkina Faso,2014,1838
Burkina Faso,2015,1384
Burkina Faso,2016,
Rwanda,2009,
Rwanda,2010,
Rwanda,2011,
Rwanda,2012,
Rwanda,2013,
Rwanda,2014,
Rwanda,2015,7774
Rwanda,2016,6939
Cabo Verde,2001,111
Cabo Verde,2003,232
Cabo Verde,2004,52
Cabo Verde,2005,169
Cabo Verde,2006,298
Cabo Verde,2007,
Cabo Verde,2008,72
Cabo Verde,2009,
Cabo Verde,2010,
Cabo Verde,2011,
Cabo Verde,2012,
Cabo Verde,2013,
Cabo Verde,2014,
Cabo Verde,2015,3
Cabo Verde,2016,
Cameroon,2007,2339
Cameroon,2008,4573
Cameroon,2009,6195
Cameroon,2010,6600
Cameroon,2011,7165
Cameroon,2012,7973
Cameroon,2014,8264
Cameroon,2015,7922
Cameroon,2016,9902
Sierra Leone,2012,92
Sierra Leone,2015,3396
Sierra Leone,2016,3332
South Sudan,2011,559104
South Sudan,2015,682632
Egypt,2000,15214
Egypt,2001,16606
Egypt,2002,18161
Egypt,2003,20565
Egypt,2005,19416
Egypt,2006,21278
Egypt,2007,20548
Egypt,2009,29638
Egypt,2011,51195
Egypt,2012,59370
Egypt,2014,69430
Egypt,2016,95660
Sierra Leone,2012,221
Sierra Leone,2015,6566
Sierra Leone,2016,6417
Comoros,2013,1355
Comoros,2014,4474
Burkina Faso,2001,
Burkina Faso,2009,
Burkina Faso,2011,1537
Burkina Faso,2013,2822
Burkina Faso,2014,1661
Burkina Faso,2015,1466
Burkina Faso,2016,
Mali,2010,762
Mali,2011,843
Mali,2013,985
Mali,2014,1084
Mali,2015,2033
Niger,2000,
Niger,2001,
Niger,2002,
Niger,2003,
Niger,2004,
Niger,2005,
Niger,2006,
Niger,2007,
Niger,2010,
Niger,2011,
Niger,2012,
Niger,2013,
Niger,2016,
Nauru,2012,165
Nauru,2014,79
Nauru,2016,148
Egypt,2000,7670
Egypt,2001,8132
Egypt,2002,8676
Egypt,2003,9881
Egypt,2005,9779
Egypt,2006,11037
Egypt,2007,10458
Egypt,2009,15438
Egypt,2011,26724
Egypt,2012,31274
Egypt,2014,36057
Egypt,2016,50527
Guinea,2004,1456
Guinea,2005,1673
Guinea,2006,911
Guinea,2007,623
Guinea,2008,
Guinea,2010,3437
Guinea,2011,2577
Guinea,2013,4230
Guinea,2014,1931
Guinea,2015,
Guinea,2016,
Mauritius,2000,4240
Mauritius,2001,4381
Mauritius,2002,3237
Mauritius,2003,3449
Mauritius,2004,2298
Mauritius,2005,1937
Mauritius,2006,1893
Mauritius,2007,1617
Mauritius,2008,1640
Mauritius,2009,1393
Mauritius,2010,1362
Mauritius,2011,1139
Mauritius,2012,1027
Mauritius,2013,938
Mauritius,2014,1204
Mauritius,2015,1302
Mauritius,2016,1512
Egypt,2000,7544
Egypt,2001,8474
Egypt,2002,9485
Egypt,2003,10684
Egypt,2005,9637
Egypt,2006,10241
Egypt,2007,10090
Egypt,2009,14200
Egypt,2011,24471
Egypt,2012,28096
Egypt,2014,33373
Egypt,2016,45132
Guinea,2004,3083
Guinea,2005,3451
Guinea,2006,1917
Guinea,2007,1346
Guinea,2008,
Guinea,2010,7170
Guinea,2011,5507
Guinea,2013,8712
Guinea,2014,3908
Guinea,2015,
Guinea,2016,
Lesotho,2013,5947
Lesotho,2014,4661
Lesotho,2015,4904
Lesotho,2016,5269
Seychelles,2007,338
Seychelles,2009,366
Seychelles,2011,278
Seychelles,2012,330
Seychelles,2013,301
Seychelles,2014,347
Seychelles,2015,300
Seychelles,2016,296
Côte d'Ivoire,2000,
Côte d'Ivoire,2001,
Côte d'Ivoire,2002,
Côte d'Ivoire,2003,
Côte d'Ivoire,2009,905
Côte d'Ivoire,2012,
Côte d'Ivoire,2013,2259
Côte d'Ivoire,2014,2949
Côte d'Ivoire,2016,2203
Morocco,2000,154043
Morocco,2001,94938
Morocco,2002,26611
Morocco,2003,35423
Morocco,2006,21818
Morocco,2007,28221
Morocco,2008,21853
Morocco,2010,18556
Morocco,2011,22820
Morocco,2012,25599
Togo,2000,
Togo,2001,
Togo,2002,
Togo,2003,
Togo,2007,
Togo,2009,
Togo,2010,
Togo,2011,
Togo,2012,
Togo,2014,
Togo,2015,
Senegal,2009,9348
Senegal,2010,10877
Senegal,2011,13237
Senegal,2012,8019
Senegal,2013,9159
Senegal,2014,9370
Senegal,2015,7755
Senegal,2016,
Mali,2010,371
Mali,2011,417
Mali,2013,485
Mali,2014,534
Mali,2015,1053
South Sudan,2011,1011581
South Sudan,2015,1297786
Morocco,2000,108240
Morocco,2001,73384
Morocco,2002,22191
Morocco,2003,26931
Morocco,2006,16527
Morocco,2007,20197
Morocco,2008,16267
Morocco,2010,11995
Morocco,2011,15385
Morocco,2012,17455
South Sudan,2011,452477
South Sudan,2015,615154
Cabo Verde,2001,196
Cabo Verde,2003,425
Cabo Verde,2004,123
Cabo Verde,2005,324
Cabo Verde,2006,572
Cabo Verde,2007,
Cabo Verde,2008,130
Cabo Verde,2009,
Cabo Verde,2010,
Cabo Verde,2011,
Cabo Verde,2012,
Cabo Verde,2013,
Cabo Verde,2014,1
Cabo Verde,2015,4
Cabo Verde,2016,
Sierra Leone,2012,129
Sierra Leone,2015,3170
Sierra Leone,2016,3085
Eritrea,2000,51.90153
Eritrea,2001,52.24702
Eritrea,2002,53.2283
Eritrea,2003,53.95517
Eritrea,2004,54.46322
Eritrea,2005,54.39342
Eritrea,2006,53.54535
Eritrea,2007,52.32491
Eritrea,2008,52.00139
Eritrea,2009,51.48726
Eritrea,2010,51.2972
Eritrea,2011,51.71944
Eritrea,2012,51.97052
Eritrea,2013,51.23665
Eritrea,2014,51.14716
Eritrea,2015,50.80965
Sao Tome and Principe,2003,
Sao Tome and Principe,2004,
Sao Tome and Principe,2005,
Sao Tome and Principe,2012,
Sao Tome and Principe,2014,
Sao Tome and Principe,2015,3
Sao Tome and Principe,2016,
Zimbabwe,2012,58277
Zimbabwe,2013,58331
Tunisia,2000,
Tunisia,2001,
Tunisia,2002,
Tunisia,2016,
Namibia,2013,1133
Tunisia,2000,
Tunisia,2001,
Tunisia,2002,
Tunisia,2016,
Sao Tome and Principe,2003,
Sao Tome and Principe,2004,
Sao Tome and Principe,2005,
Sao Tome and Principe,2012,
Sao Tome and Principe,2014,
Sao Tome and Principe,2015,7
Sao Tome and Principe,2016,
Libya,2006,
Equatorial Guinea,2000,
Equatorial Guinea,2003,
Equatorial Guinea,2011,
Equatorial Guinea,2015,531
Ethiopia,2007,8865
Ethiopia,2008,11060
Ethiopia,2009,12710
Ethiopia,2010,14463
Ethiopia,2011,16960
Ethiopia,2012,36516
Ethiopia,2014,34382
Ethiopia,2015,35784
Eritrea,2000,307673
Eritrea,2001,294346
Eritrea,2002,264303
Eritrea,2003,237714
Eritrea,2004,222653
Eritrea,2005,214241
Eritrea,2006,218159
Eritrea,2007,245988
Eritrea,2008,268414
Eritrea,2009,293426
Eritrea,2010,316181
Eritrea,2011,314551
Eritrea,2012,313014
Eritrea,2013,350503
Eritrea,2014,361719
Eritrea,2015,383685
Equatorial Guinea,2000,
Equatorial Guinea,2011,
Equatorial Guinea,2015,290
Ethiopia,2007,17263
Ethiopia,2008,20925
Ethiopia,2009,24303
Ethiopia,2010,27486
Ethiopia,2011,32398
Ethiopia,2012,85950
Ethiopia,2014,66761
Ethiopia,2015,67968
Chad,2011,943
Chad,2012,932
Congo,2000,
Congo,2001,
Congo,2002,
Congo,2003,
Congo,2004,
Congo,2005,
Congo,2006,
Congo,2007,
Congo,2008,
Congo,2009,
Congo,2010,
Congo,2011,
Congo,2012,
Eswatini,2004,2445
Eswatini,2010,
Eswatini,2011,3589
Congo,2000,
Congo,2001,
Congo,2002,
Congo,2003,
Congo,2004,
Congo,2005,
Congo,2006,
Congo,2007,
Congo,2008,
Congo,2009,
Congo,2010,
Congo,2011,
Congo,2012,
Sudan (pre-secession),2001,
Sudan (pre-secession),2002,
Sudan (pre-secession),2003,
Sudan (pre-secession),2004,
Sudan (pre-secession),2005,
Libya,2006,
Chad,2011,1994
Chad,2012,1975
Ethiopia,2007,8398
Ethiopia,2008,9865
Ethiopia,2009,11593
Ethiopia,2010,13023
Ethiopia,2011,15438
Ethiopia,2012,49434
Ethiopia,2014,32379
Ethiopia,2015,32184
Congo,2000,
Congo,2001,
Congo,2002,
Congo,2003,
Congo,2004,
Congo,2005,
Congo,2006,
Congo,2007,
Congo,2008,
Congo,2009,
Congo,2010,
Congo,2011,
Congo,2012,
Central African Republic,2003,
Central African Republic,2008,487
Central African Republic,2009,
Central African Republic,2011,
Kenya,2001,192191
Kenya,2002,355617
Kenya,2003,358305
Kenya,2004,365934
Kenya,2005,365937
Kenya,2006,383139
Kenya,2007,387436
Kenya,2008,391865
Kenya,2009,445262
South Sudan,2011,16896
South Sudan,2015,41708
Benin,2000,855
Benin,2011,1060
Benin,2012,900
Benin,2015,1160
Benin,2016,1130
Benin,2000,1630
Benin,2011,2008
Benin,2012,2382
Benin,2015,3028
Benin,2016,2151
Nauru,2007,45
Nauru,2012,12
Nauru,2016,29
Kenya,2001,178431
Kenya,2002,180135
Kenya,2003,329201
Kenya,2004,338642
Kenya,2005,342029
Kenya,2006,338652
Kenya,2007,342450
Kenya,2008,350853
Kenya,2009,370023
Eritrea,2000,147986
Eritrea,2001,140559
Eritrea,2002,123619
Eritrea,2003,109455
Eritrea,2004,101389
Eritrea,2005,97708
Eritrea,2006,101345
Eritrea,2007,117275
Eritrea,2008,128835
Eritrea,2009,142349
Eritrea,2010,153989
Eritrea,2011,151867
Eritrea,2012,150339
Eritrea,2013,170917
Eritrea,2014,176710
Eritrea,2015,188736
Djibouti,2000,
Djibouti,2001,
Djibouti,2002,
Djibouti,2004,
Djibouti,2006,
Djibouti,2007,
Djibouti,2008,
Djibouti,2009,
Djibouti,2011,76
Djibouti,2012,37
Djibouti,2016,73
Benin,2000,775
Benin,2011,948
Benin,2012,1482
Benin,2015,1868
Benin,2016,1020
Central African Republic,2003,
Central African Republic,2008,935
Central African Republic,2009,
Central African Republic,2011,
Eritrea,2000,159687
Eritrea,2001,153787
Eritrea,2002,140684
Eritrea,2003,128259
Eritrea,2004,121264
Eritrea,2005,116533
Eritrea,2006,116814
Eritrea,2007,128713
Eritrea,2008,139579
Eritrea,2009,151077
Eritrea,2010,162192
Eritrea,2011,162684
Eritrea,2012,162675
Eritrea,2013,179586
Eritrea,2014,185009
Eritrea,2015,194949
Djibouti,2000,
Djibouti,2001,
Djibouti,2002,
Djibouti,2004,
Djibouti,2006,
Djibouti,2007,
Djibouti,2008,
Djibouti,2009,
Djibouti,2011,63
Djibouti,2012,35
Djibouti,2016,48
Kenya,2001,370622
Kenya,2002,535752
Kenya,2003,687506
Kenya,2004,704576
Kenya,2005,707966
Kenya,2006,721791
Kenya,2007,729886
Kenya,2008,742718
Kenya,2009,815285
Central African Republic,2003,
Central African Republic,2008,448
Central African Republic,2009,
Central African Republic,2011,
Liberia,2000,19919
Liberia,2014,188785
Liberia,2015,182704
Liberia,2000,42815
Liberia,2014,381913
Liberia,2015,380985
Liberia,2016,388244
Sudan (pre-secession),2001,
Sudan (pre-secession),2002,
Sudan (pre-secession),2003,
Sudan (pre-secession),2004,
Sudan (pre-secession),2005,
Namibia,2013,2183
Sao Tome and Principe,2003,
Sao Tome and Principe,2004,
Sao Tome and Principe,2005,
Sao Tome and Principe,2012,
Sao Tome and Principe,2014,
Sao Tome and Principe,2015,4
Sao Tome and Principe,2016,
Zimbabwe,2012,60000
Zimbabwe,2013,60287
Liberia,2000,22896
Liberia,2014,193128
Liberia,2015,198281
Djibouti,2000,
Djibouti,2001,
Djibouti,2002,
Djibouti,2004,
Djibouti,2006,
Djibouti,2007,
Djibouti,2008,
Djibouti,2009,
Djibouti,2011,139
Djibouti,2012,72
Djibouti,2016,121
Guinea-Bissau,2000,154
Tunisia,2000,
Tunisia,2001,
Tunisia,2002,
Tunisia,2016,
Namibia,2013,1050
Chad,2011,1051
Chad,2012,1043
Eswatini,2004,2599
Eswatini,2010,
Eswatini,2011,3461
Equatorial Guinea,2000,
Equatorial Guinea,2011,
Equatorial Guinea,2015,241
Sudan (pre-secession),2001,
Sudan (pre-secession),2002,
Sudan (pre-secession),2003,
Sudan (pre-secession),2004,
Sudan (pre-secession),2005,
Zimbabwe,2012,118277
Zimbabwe,2013,118618
Nauru,2007,207
Nauru,2012,22
Nauru,2016,49
Libya,2006,
Eswatini,2004,5044
Eswatini,2010,
Eswatini,2011,7050
Nauru,2007,162
Nauru,2012,10
Nauru,2016,20
South Sudan,2011,8679
South Sudan,2015,21750
Guinea-Bissau,2000,111
South Sudan,2011,8217
South Sudan,2015,19958
Guinea-Bissau,2000,265
Sudan,2013,
Sudan,2013,
Sudan,2013,
Algeria,2003,
Algeria,2004,
Algeria,2005,
Algeria,2006,
Algeria,2008,
Algeria,2011,
Benin,2000,47.54601
Benin,2011,47.19848
Benin,2012,62.22394
Benin,2015,61.68757
Benin,2016,47.44898
Botswana,2005,48.49085
Botswana,2006,47.81406
Botswana,2008,47.96011
Botswana,2009,48.06071
Botswana,2012,47.93463
Burkina Faso,2001,
Burkina Faso,2009,
Burkina Faso,2011,49.13964
Burkina Faso,2013,48.26764
Burkina Faso,2014,52.52929
Burkina Faso,2015,48.5614
Burkina Faso,2016,
Cameroon,2007,52.93053
Cameroon,2008,50.51922
Cameroon,2009,49.6872
Cameroon,2010,50.16341
Cameroon,2011,52.02963
Cameroon,2012,50.06659
Cameroon,2014,49.75116
Cameroon,2015,49.53478
Cameroon,2016,49.4068
Cabo Verde,2001,43.36735
Cabo Verde,2003,45.41176
Cabo Verde,2004,57.72358
Cabo Verde,2005,47.83951
Cabo Verde,2006,47.9021
Cabo Verde,2007,
Cabo Verde,2008,44.61538
Cabo Verde,2009,
Cabo Verde,2010,
Cabo Verde,2011,
Cabo Verde,2012,
Cabo Verde,2013,
Cabo Verde,2014,100
Cabo Verde,2015,25
Cabo Verde,2016,
Central African Republic,2003,
Central African Republic,2008,52.08556
Central African Republic,2009,
Central African Republic,2011,
Comoros,2013,48.33948
Comoros,2014,51.13992
Congo,2000,
Congo,2001,
Congo,2002,
Congo,2003,
Congo,2004,
Congo,2005,
Congo,2006,
Congo,2007,
Congo,2008,
Congo,2009,
Congo,2010,
Congo,2011,
Congo,2012,
Côte d'Ivoire,2000,
Côte d'Ivoire,2001,
Côte d'Ivoire,2002,
Côte d'Ivoire,2003,
Côte d'Ivoire,2009,44.81707
Côte d'Ivoire,2012,
Côte d'Ivoire,2013,46.49455
Côte d'Ivoire,2014,46.13699
Côte d'Ivoire,2016,48.7436
Djibouti,2000,
Djibouti,2001,
Djibouti,2002,
Djibouti,2004,
Djibouti,2006,
Djibouti,2007,
Djibouti,2008,
Djibouti,2009,
Djibouti,2011,45.32374
Djibouti,2012,48.61111
Djibouti,2016,39.66942
Egypt,2000,49.58591
Egypt,2001,51.02975
Egypt,2002,52.2273
Egypt,2003,51.95235
Egypt,2005,49.63432
Egypt,2006,48.12952
Egypt,2007,49.10454
Egypt,2009,47.91147
Egypt,2011,47.79959
Egypt,2012,47.32356
Egypt,2014,48.06712
Egypt,2016,47.18007
Eritrea,2000,49.31507
Eritrea,2001,44.77612
Eritrea,2002,50.30303
Eritrea,2003,38.39286
Eritrea,2004,42.23108
Eritrea,2005,52.01711
Eritrea,2006,53.94897
Eritrea,2007,67.07692
Eritrea,2008,55.55556
Eritrea,2009,53.02326
Eritrea,2010,51.72414
Eritrea,2011,46.4
Eritrea,2012,68.49315
Eritrea,2013,48.98316
Eritrea,2014,50.87385
Eritrea,2015,48.54485
Ethiopia,2007,48.6474
Ethiopia,2008,47.14456
Ethiopia,2009,47.70193
Ethiopia,2010,47.38048
Ethiopia,2011,47.65109
Ethiopia,2012,57.51483
Ethiopia,2014,48.49987
Ethiopia,2015,47.35169
Guinea,2004,47.22673
Guinea,2005,48.4787
Guinea,2006,47.52217
Guinea,2007,46.28529
Guinea,2008,
Guinea,2010,47.93584
Guinea,2011,46.79499
Guinea,2013,48.55372
Guinea,2014,49.41146
Guinea,2015,
Guinea,2016,
Guinea-Bissau,2000,58.11321
Kenya,2001,48.14366
Kenya,2002,33.62283
Kenya,2003,47.88336
Kenya,2004,48.06323
Kenya,2005,48.3115
Kenya,2006,46.91829
Kenya,2007,46.91829
Kenya,2008,47.23906
Kenya,2009,45.38572
Libya,2006,
Madagascar,2000,47.30783
Madagascar,2001,46.96455
Madagascar,2006,46.27069
Madagascar,2007,48.84561
Madagascar,2009,48.43852
Madagascar,2013,47.6329
Madagascar,2014,48.14332
Madagascar,2016,49.73027
Mali,2010,51.31234
Mali,2011,50.53381
Mali,2013,50.76142
Mali,2014,50.73801
Mali,2015,48.20462
Mauritius,2000,50.07501
Mauritius,2001,49.25357
Mauritius,2002,49.27757
Mauritius,2003,50.19489
Mauritius,2004,48.01504
Mauritius,2005,48.55854
Mauritius,2006,48.38139
Mauritius,2007,49.30556
Mauritius,2008,48.84479
Mauritius,2009,49.3272
Mauritius,2010,48.99353
Mauritius,2011,48.88889
Mauritius,2012,48.46626
Mauritius,2013,49.81413
Mauritius,2014,51.20406
Mauritius,2015,49.79222
Mauritius,2016,50.35854
Morocco,2000,29.73391
Morocco,2001,22.70324
Morocco,2002,16.60967
Morocco,2003,23.97312
Morocco,2006,24.25062
Morocco,2007,28.43273
Morocco,2008,25.56171
Morocco,2010,35.35784
Morocco,2011,32.58107
Morocco,2012,31.81374
Niger,2000,
Niger,2001,
Niger,2002,
Niger,2003,
Niger,2004,
Niger,2005,
Niger,2006,
Niger,2007,
Niger,2010,
Niger,2011,
Niger,2012,
Niger,2013,
Niger,2016,
Sao Tome and Principe,2003,
Sao Tome and Principe,2004,
Sao Tome and Principe,2005,
Sao Tome and Principe,2012,
Sao Tome and Principe,2014,
Sao Tome and Principe,2015,57.14286
Sao Tome and Principe,2016,
Seychelles,2007,52.18579
Seychelles,2009,48.60759
Seychelles,2011,46.41745
Seychelles,2012,48.78788
Seychelles,2013,44.79769
Seychelles,2014,51.11111
Seychelles,2015,44.31818
Seychelles,2016,48.35821
Sierra Leone,2012,41.62896
Sierra Leone,2015,51.72099
Sierra Leone,2016,51.9216
Eswatini,2004,48.47343
Eswatini,2010,
Eswatini,2011,50.9078
Togo,2000,
Togo,2001,
Togo,2002,
Togo,2003,
Togo,2007,
Togo,2009,
Togo,2010,
Togo,2011,
Togo,2012,
Togo,2014,
Togo,2015,
South Sudan,2011,48.63281
South Sudan,2015,47.85173
Sudan (pre-secession),2001,
Sudan (pre-secession),2002,
Sudan (pre-secession),2003,
Sudan (pre-secession),2004,
Sudan (pre-secession),2005,
Equatorial Guinea,2000,
Equatorial Guinea,2011,
Equatorial Guinea,2015,45.38606
Lesotho,2013,49.5846
Lesotho,2014,50.46232
Lesotho,2015,49.70772
Lesotho,2016,50.35334
Liberia,2000,46.52341
Liberia,2014,49.43142
Liberia,2015,47.95569
Namibia,2013,51.90105
Rwanda,2009,
Rwanda,2010,
Rwanda,2011,
Rwanda,2012,
Rwanda,2013,
Rwanda,2014,
Rwanda,2015,48.20007
Rwanda,2016,48.32108
Senegal,2009,52.59949
Senegal,2010,53.8016
Senegal,2011,54.18146
Senegal,2012,52.28832
Senegal,2013,52.15635
Senegal,2014,52.70011
Senegal,2015,53.20438
Senegal,2016,
Sudan,2013,
Tunisia,2000,
Tunisia,2001,
Tunisia,2002,
Tunisia,2016,
Chad,2011,47.29188
Chad,2012,47.18987
Gabon,2011,
Nauru,2007,78.38983
Nauru,2012,45.45455
Nauru,2016,40.81633
Zimbabwe,2012,49.27163
Zimbabwe,2013,49.1755
Gabon,2011,
Mauritania,2015,
Gabon,2011,
Mauritania,2015,
Gabon,2011,
Mauritania,2015,
Mauritania,2015,
Uganda,2010,
Uganda,2016,80361
Uganda,2010,
Uganda,2016,50.30764
Uganda,2010,
Uganda,2016,161717
Uganda,2010,
Uganda,2016,81356
Algeria,2003,587252
Algeria,2004,543248
Algeria,2005,509070
Algeria,2006,378669
Algeria,2008,322794
Algeria,2010,67140
Botswana,2005,36806
Botswana,2006,34920
Botswana,2008,33718
Botswana,2009,33102
Botswana,2012,31898
Botswana,2013,33068
Botswana,2014,33104
Burkina Faso,2001,284692
Burkina Faso,2009,313282
Burkina Faso,2011,496469
Burkina Faso,2013,488968
Burkina Faso,2014,504303
Burkina Faso,2015,518172
Burkina Faso,2016,506551
Cameroon,2008,333994
Cameroon,2009,335223
Cameroon,2011,360473
Cameroon,2012,351532
Cameroon,2014,340021
Cameroon,2015,327733
Cameroon,2016,342462
Cabo Verde,2001,4071
Cabo Verde,2002,3155
Cabo Verde,2003,3020
Cabo Verde,2004,2990
Cabo Verde,2005,2108
Cabo Verde,2006,2802
Cabo Verde,2007,3032
Cabo Verde,2008,2932
Cabo Verde,2009,2438
Cabo Verde,2010,2876
Cabo Verde,2011,2363
Cabo Verde,2012,2588
Cabo Verde,2013,2437
Cabo Verde,2014,2585
Cabo Verde,2015,2641
Cabo Verde,2016,2116
Central African Republic,2008,120768
Central African Republic,2009,122414
Central African Republic,2011,122754
Congo,2005,88360
Congo,2006,91608
Congo,2010,90149
Congo,2012,105160
Djibouti,2000,18812
Djibouti,2001,18697
Djibouti,2002,19019
Djibouti,2004,19225
Djibouti,2006,19387
Djibouti,2007,19122
Djibouti,2008,18978
Djibouti,2009,19014
Djibouti,2011,18623
Djibouti,2016,17354
Equatorial Guinea,2000,8781
Equatorial Guinea,2003,16748
Equatorial Guinea,2011,11496
Equatorial Guinea,2015,16418
Eritrea,2000,88346
Eritrea,2001,85637
Eritrea,2002,83446
Eritrea,2003,84466
Eritrea,2004,81533
Eritrea,2005,72857
Eritrea,2006,76194
Eritrea,2007,80736
Eritrea,2008,86532
Eritrea,2009,87805
Eritrea,2010,90235
Eritrea,2011,90277
Eritrea,2012,91429
Eritrea,2013,114955
Eritrea,2014,119478
Eritrea,2015,121041
Ethiopia,2007,2372260
Ethiopia,2008,2424036
Ethiopia,2009,2434291
Ethiopia,2010,2508019
Ethiopia,2011,2499295
Ethiopia,2012,2016253
Ethiopia,2014,1765566
Ethiopia,2015,1697766
Ghana,2013,97553
Guinea,2004,236370
Guinea,2005,243068
Guinea,2006,240139
Guinea,2007,243193
Guinea,2008,231443
Guinea,2009,239611
Guinea,2010,240908
Guinea,2011,221845
Guinea,2013,206685
Guinea,2014,197530
Guinea,2016,206954
Guinea-Bissau,2000,31445
Kenya,2001,515513
Kenya,2002,563311
Kenya,2003,574780
Kenya,2004,611680
Kenya,2005,627793
Kenya,2006,642372
Kenya,2007,640542
Kenya,2008,678862
Kenya,2009,643827
Madagascar,2000,438757
Madagascar,2001,447798
Mali,2009,228341
Mali,2010,230229
Mali,2011,235045
Mali,2013,300197
Mali,2014,305075
Mali,2015,319905
Mali,2016,314922
Mauritius,2000,5080
Mauritius,2001,4624
Mauritius,2002,3735
Mauritius,2003,1285
Mauritius,2004,1155
Mauritius,2005,1043
Mauritius,2006,1470
Mauritius,2007,1700
Mauritius,2008,2122
Mauritius,2009,1790
Mauritius,2010,1385
Mauritius,2011,1625
Mauritius,2012,277
Mauritius,2013,273
Mauritius,2014,764
Mauritius,2015,712
Mauritius,2016,831
Morocco,2000,254509
Morocco,2001,360618
Morocco,2002,287355
Morocco,2003,304259
Morocco,2006,262556
Morocco,2007,216193
Morocco,2008,229786
Morocco,2010,214754
Morocco,2011,214145
Morocco,2012,222055
Morocco,2013,206967
Morocco,2014,185155
Morocco,2015,303925
Morocco,2016,344893
Niger,2000,330657
Niger,2001,330033
Niger,2002,331375
Niger,2003,349208
Niger,2004,355576
Niger,2005,379403
Niger,2006,403576
Niger,2007,420305
Niger,2008,427446
Niger,2009,430106
Niger,2010,417441
Niger,2011,437095
Niger,2012,464454
Niger,2013,459823
Niger,2016,530919
Sao Tome and Principe,2003,2265
Sao Tome and Principe,2004,2201
Sao Tome and Principe,2005,2091
Sao Tome and Principe,2013,2960
Sao Tome and Principe,2014,3086
Sao Tome and Principe,2015,2669
Senegal,2009,321160
Senegal,2010,324128
Senegal,2011,328944
Senegal,2012,337247
Senegal,2013,350302
Senegal,2014,354175
Senegal,2015,367574
Senegal,2016,366171
Seychelles,2000,40
Seychelles,2001,94
Seychelles,2002,99
Seychelles,2003,150
Seychelles,2004,102
Seychelles,2005,67
Seychelles,2007,68
Seychelles,2008,43
Seychelles,2009,15
Seychelles,2010,13
Seychelles,2011,28
Seychelles,2013,46
Seychelles,2014,49
Seychelles,2015,37
Seychelles,2016,52
Sierra Leone,2012,132679
Sierra Leone,2015,146092
Sierra Leone,2016,154453
Eswatini,2011,26553
Togo,2000,99491
Togo,2001,94013
Togo,2002,94289
Togo,2003,83058
Togo,2007,117208
Tunisia,2000,124098
Tunisia,2001,115816
Tunisia,2002,100486
South Sudan,2011,249056
South Sudan,2015,282405
Algeria,2003,287630
Algeria,2004,265681
Algeria,2005,250372
Algeria,2006,185778
Algeria,2008,161507
Algeria,2010,39971
Botswana,2005,18241
Botswana,2006,17126
Botswana,2008,16589
Botswana,2009,16238
Botswana,2012,15632
Botswana,2013,16313
Botswana,2014,16148
Burkina Faso,2001,144569
Burkina Faso,2009,155600
Burkina Faso,2011,243780
Burkina Faso,2013,240248
Burkina Faso,2014,247689
Burkina Faso,2015,254595
Burkina Faso,2016,249078
Cameroon,2011,180409
Cameroon,2012,176447
Cameroon,2014,170283
Cameroon,2015,164424
Cameroon,2016,170673
Cabo Verde,2001,1840
Cabo Verde,2002,1524
Cabo Verde,2003,1461
Cabo Verde,2004,1360
Cabo Verde,2005,1033
Cabo Verde,2006,1340
Cabo Verde,2007,1456
Cabo Verde,2008,1487
Cabo Verde,2009,1181
Cabo Verde,2010,1400
Cabo Verde,2011,1203
Cabo Verde,2012,1271
Cabo Verde,2013,1253
Cabo Verde,2014,1236
Cabo Verde,2015,1325
Cabo Verde,2016,1022
Central African Republic,2008,60645
Central African Republic,2009,61486
Central African Republic,2011,61633
Congo,2005,43067
Congo,2006,45595
Congo,2010,44469
Congo,2012,51502
Côte d'Ivoire,2000,153959
Côte d'Ivoire,2001,159302
Côte d'Ivoire,2002,165460
Côte d'Ivoire,2003,194865
Côte d'Ivoire,2009,255378
Côte d'Ivoire,2013,257911
Côte d'Ivoire,2014,270913
Côte d'Ivoire,2016,268625
Djibouti,2000,9304
Djibouti,2001,9277
Djibouti,2002,9411
Djibouti,2004,9498
Djibouti,2006,9570
Djibouti,2007,9472
Djibouti,2008,9420
Djibouti,2009,9428
Djibouti,2011,9168
Djibouti,2016,8559
Egypt,2000,688289
Egypt,2001,684264
Egypt,2002,676697
Egypt,2003,669670
Egypt,2012,601873
Egypt,2014,573100
Egypt,2016,613377
Equatorial Guinea,2000,4234
Equatorial Guinea,2011,5477
Equatorial Guinea,2015,7966
Eritrea,2000,44024
Eritrea,2001,42799
Eritrea,2002,41685
Eritrea,2003,41917
Eritrea,2004,40339
Eritrea,2005,35950
Eritrea,2006,37181
Eritrea,2007,39858
Eritrea,2008,42953
Eritrea,2009,43337
Eritrea,2010,44562
Eritrea,2011,44894
Eritrea,2012,45240
Eritrea,2013,56398
Eritrea,2014,58545
Eritrea,2015,59420
Ethiopia,2007,1175274
Ethiopia,2008,1200228
Ethiopia,2009,1207559
Ethiopia,2010,1242763
Ethiopia,2011,1239059
Ethiopia,2012,979729
Ethiopia,2014,891815
Ethiopia,2015,856627
Guinea,2004,117747
Guinea,2005,120929
Guinea,2006,119274
Guinea,2007,120602
Guinea,2008,114651
Guinea,2009,119270
Guinea,2010,121012
Guinea,2011,112434
Guinea,2013,105306
Guinea,2014,101111
Guinea,2016,106101
Kenya,2001,253585
Kenya,2002,278237
Kenya,2003,277903
Kenya,2004,300626
Kenya,2005,308828
Kenya,2006,320939
Kenya,2007,321941
Kenya,2008,337236
Kenya,2009,319958
Mali,2009,118630
Mali,2010,119142
Mali,2011,120901
Mali,2014,156188
Mali,2015,162964
Mali,2016,163235
Mauritius,2000,2493
Mauritius,2001,2167
Mauritius,2002,1828
Mauritius,2003,521
Mauritius,2004,568
Mauritius,2005,472
Mauritius,2006,601
Mauritius,2007,728
Mauritius,2008,987
Mauritius,2009,760
Mauritius,2010,655
Mauritius,2011,836
Mauritius,2012,44
Mauritius,2013,22
Mauritius,2014,388
Mauritius,2015,204
Mauritius,2016,327
Morocco,2000,175686
Morocco,2001,204140
Morocco,2002,184141
Morocco,2003,185885
Morocco,2006,156841
Morocco,2007,130416
Morocco,2008,132397
Morocco,2010,125085
Morocco,2011,123378
Morocco,2012,125616
Morocco,2013,118401
Morocco,2014,105379
Morocco,2015,166068
Morocco,2016,181762
Nauru,2007,25
Nauru,2012,38
Nauru,2016,24
Niger,2000,163049
Niger,2001,163274
Niger,2002,164817
Niger,2003,173732
Niger,2004,177240
Niger,2005,188649
Niger,2006,199289
Niger,2007,207399
Niger,2008,209946
Niger,2009,211881
Niger,2010,205538
Niger,2011,215451
Niger,2012,228826
Niger,2013,226286
Niger,2016,261097
Rwanda,2016,100573
Sao Tome and Principe,2003,1120
Sao Tome and Principe,2004,1061
Sao Tome and Principe,2005,993
Sao Tome and Principe,2013,1433
Sao Tome and Principe,2014,1472
Sao Tome and Principe,2015,1289
Senegal,2009,157389
Senegal,2010,158826
Senegal,2011,160580
Senegal,2012,164570
Senegal,2013,171267
Senegal,2014,172861
Senegal,2015,179203
Senegal,2016,178408
Seychelles,2000,40
Seychelles,2001,50
Seychelles,2002,53
Seychelles,2003,91
Seychelles,2004,102
Seychelles,2005,
Seychelles,2007,68
Seychelles,2008,
Seychelles,2009,
Seychelles,2010,
Seychelles,2011,28
Seychelles,2013,
Seychelles,2014,49
Seychelles,2015,
Seychelles,2016,
Togo,2001,48291
Togo,2002,48413
Togo,2003,42972
Togo,2007,59216
Uganda,2010,393587
Algeria,2003,299622
Algeria,2004,277567
Algeria,2005,258698
Algeria,2006,192891
Algeria,2008,161287
Algeria,2010,27169
Botswana,2005,18565
Botswana,2006,17794
Botswana,2008,17129
Botswana,2009,16864
Botswana,2012,16266
Botswana,2013,16755
Botswana,2014,16956
Burkina Faso,2001,140123
Burkina Faso,2009,157682
Burkina Faso,2011,252689
Burkina Faso,2013,248720
Burkina Faso,2014,256614
Burkina Faso,2015,263577
Burkina Faso,2016,257473
Cameroon,2011,180064
Cameroon,2012,175085
Cameroon,2014,169738
Cameroon,2015,163309
Cameroon,2016,171789
Cabo Verde,2001,2231
Cabo Verde,2002,1631
Cabo Verde,2003,1559
Cabo Verde,2004,1630
Cabo Verde,2005,1075
Cabo Verde,2006,1462
Cabo Verde,2007,1576
Cabo Verde,2008,1445
Cabo Verde,2009,1257
Cabo Verde,2010,1476
Cabo Verde,2011,1160
Cabo Verde,2012,1317
Cabo Verde,2013,1184
Cabo Verde,2014,1349
Cabo Verde,2015,1316
Cabo Verde,2016,1094
Central African Republic,2008,60123
Central African Republic,2009,60928
Central African Republic,2011,61121
Congo,2005,45293
Congo,2006,46013
Congo,2010,45680
Congo,2012,53658
Côte d'Ivoire,2000,134070
Côte d'Ivoire,2001,140936
Côte d'Ivoire,2002,143714
Côte d'Ivoire,2003,181675
Côte d'Ivoire,2009,256327
Côte d'Ivoire,2013,258951
Côte d'Ivoire,2014,261403
Côte d'Ivoire,2016,270001
Djibouti,2000,9508
Djibouti,2001,9420
Djibouti,2002,9608
Djibouti,2004,9727
Djibouti,2006,9817
Djibouti,2007,9650
Djibouti,2008,9558
Djibouti,2009,9586
Djibouti,2011,9455
Djibouti,2016,8795
Egypt,2000,717669
Egypt,2001,712704
Egypt,2002,707541
Egypt,2003,699899
Egypt,2012,634538
Egypt,2014,602572
Egypt,2016,647880
Eritrea,2000,44322
Eritrea,2001,42838
Eritrea,2002,41761
Eritrea,2003,42549
Eritrea,2004,41194
Eritrea,2005,36907
Eritrea,2006,39013
Eritrea,2007,40878
Eritrea,2008,43579
Eritrea,2009,44468
Eritrea,2010,45673
Eritrea,2011,45383
Eritrea,2012,46189
Eritrea,2013,58557
Eritrea,2014,60933
Eritrea,2015,61621
Ethiopia,2007,1196986
Ethiopia,2008,1223808
Ethiopia,2009,1226732
Ethiopia,2010,1265256
Ethiopia,2011,1260236
Ethiopia,2012,1036524
Ethiopia,2014,873751
Ethiopia,2015,841139
Ghana,2013,53470
Guinea,2004,118623
Guinea,2005,122139
Guinea,2006,120865
Guinea,2007,122591
Guinea,2008,116792
Guinea,2009,120341
Guinea,2010,119896
Guinea,2011,109411
Guinea,2013,101379
Guinea,2014,96419
Guinea,2016,100853
Kenya,2001,261928
Kenya,2002,285074
Kenya,2003,296877
Kenya,2004,311054
Kenya,2005,318965
Kenya,2006,321433
Kenya,2007,318601
Kenya,2008,341626
Kenya,2009,323869
Lesotho,2013,15474
Lesotho,2014,17243
Lesotho,2015,16213
Lesotho,2016,17144
Madagascar,2000,220276
Madagascar,2001,224899
Mauritius,2000,2587
Mauritius,2001,2457
Mauritius,2002,1907
Mauritius,2003,764
Mauritius,2004,587
Mauritius,2005,571
Mauritius,2006,869
Mauritius,2007,972
Mauritius,2008,1135
Mauritius,2009,1030
Mauritius,2010,730
Mauritius,2011,789
Mauritius,2012,233
Mauritius,2013,251
Mauritius,2014,376
Mauritius,2015,508
Mauritius,2016,504
Morocco,2000,78823
Morocco,2001,156478
Morocco,2002,103214
Morocco,2003,118374
Morocco,2006,105715
Morocco,2007,85777
Morocco,2008,97389
Morocco,2010,89669
Morocco,2011,90767
Morocco,2012,96439
Morocco,2013,88566
Morocco,2014,79776
Morocco,2015,137857
Morocco,2016,163131
Namibia,2013,9922
Niger,2000,167608
Niger,2001,166759
Niger,2002,166558
Niger,2003,175476
Niger,2004,178336
Niger,2005,190754
Niger,2006,204287
Niger,2007,212906
Niger,2008,217500
Niger,2009,218225
Niger,2010,211903
Niger,2011,221644
Niger,2012,235628
Niger,2013,233537
Niger,2016,269822
Rwanda,2016,102437
Sao Tome and Principe,2003,1145
Sao Tome and Principe,2004,1140
Sao Tome and Principe,2005,1098
Sao Tome and Principe,2013,1527
Sao Tome and Principe,2014,1614
Sao Tome and Principe,2015,1380
Senegal,2009,163771
Senegal,2010,165302
Senegal,2011,168364
Senegal,2012,172677
Senegal,2013,179035
Senegal,2014,181314
Senegal,2015,188371
Senegal,2016,187764
Seychelles,2000,
Seychelles,2001,44
Seychelles,2002,46
Seychelles,2003,59
Seychelles,2004,
Seychelles,2005,67
Seychelles,2007,
Seychelles,2008,43
Seychelles,2009,15
Seychelles,2010,13
Seychelles,2011,
Seychelles,2013,46
Seychelles,2014,
Seychelles,2015,37
Seychelles,2016,52
Sierra Leone,2012,66318
Sierra Leone,2015,73612
Sierra Leone,2016,77624
Togo,2001,45722
Togo,2002,45876
Togo,2003,40086
Togo,2007,57992
Côte d'Ivoire,2000,288029
Côte d'Ivoire,2001,300238
Côte d'Ivoire,2002,309174
Côte d'Ivoire,2003,376540
Côte d'Ivoire,2009,511705
Côte d'Ivoire,2013,516862
Côte d'Ivoire,2014,532316
Côte d'Ivoire,2016,538626
Egypt,2000,1405958
Egypt,2001,1396968
Egypt,2002,1384238
Egypt,2003,1369569
Egypt,2005,1341962
Egypt,2006,1351890
Egypt,2007,1373823
Egypt,2009,1380191
Egypt,2011,1315484
Egypt,2012,1236411
Egypt,2014,1175672
Egypt,2016,1261257
Lesotho,2013,30204
Lesotho,2014,33987
Lesotho,2015,31987
Lesotho,2016,33753
Liberia,2000,21308
Liberia,2014,15512
Liberia,2015,20623
Liberia,2016,15810
Nauru,2007,25
Nauru,2012,53
Nauru,2016,88
Rwanda,2016,203010
Benin,2011,44719
Benin,2012,55823
Benin,2016,18424
Lesotho,2013,14730
Lesotho,2014,16744
Lesotho,2015,15774
Lesotho,2016,16609
Liberia,2000,13244
Liberia,2014,9257
Liberia,2015,11618
Madagascar,2000,218481
Madagascar,2001,222899
Sierra Leone,2012,66361
Sierra Leone,2015,72480
Sierra Leone,2016,76829
Tunisia,2000,60465
Tunisia,2001,56619
Tunisia,2002,49215
Zimbabwe,2012,123060
Zimbabwe,2013,136641
Equatorial Guinea,2000,4547
Equatorial Guinea,2011,6019
Equatorial Guinea,2015,8452
Liberia,2000,8064
Liberia,2014,6255
Liberia,2015,9005
Mali,2009,109711
Mali,2010,111087
Mali,2011,114144
Mali,2014,148887
Mali,2015,156941
Mali,2016,151687
Nauru,2007,
Nauru,2012,15
Nauru,2016,64
Eswatini,2011,13325
Tunisia,2000,63633
Tunisia,2001,59197
Tunisia,2002,51271
Uganda,2010,410217
Zimbabwe,2012,127138
Zimbabwe,2013,140785
Benin,2011,89505
Benin,2012,110952
Benin,2016,38372
Uganda,2010,803804
Ghana,2013,44083
Guinea-Bissau,2000,16037
Namibia,2013,8575
Eswatini,2011,13228
South Sudan,2011,127038
South Sudan,2015,141950
Benin,2011,44786
Benin,2012,55129
Benin,2016,19948
Guinea-Bissau,2000,15408
South Sudan,2011,122018
South Sudan,2015,140455
Namibia,2013,18497
Zimbabwe,2012,250198
Zimbabwe,2013,277426
Angola,2016,74492
Angola,2016,46.83058
Angola,2016,186324
Angola,2016,159067
Angola,2016,145979
Angola,2016,84575
Angola,2016,332303