"EDULIT_IND","Indicator","LOCATION","Country","TIME","Time","Value","Flag Codes","Flags"
"OFST_1_CP","Out-of-school children of primary school age, both sexes (number)","CAF","Central African Republic","2005","2005",336071,,
"OFST_1_CP","Out-of-school children of primary school age, both sexes (number)","CAF","Central African Republic","2006","2006",339200,"‡","UIS Estimation"
"OFST_1_CP","Out-of-school children of primary school age, both sexes (number)","CAF","Central African Republic","2007","2007",293663,,
"OFST_1_CP","Out-of-school children of primary school age, both sexes (number)","CAF","Central African Republic","2008","2008",239826,,
"OFST_1_CP","Out-of-school children of primary school age, both sexes (number)","CAF","Central African Republic","2009","2009",242852,,
"OFST_1_CP","Out-of-school children of primary school age, both sexes (number)","CAF","Central African Republic","2010","2010",230870,"‡","UIS Estimation"
"OFST_1_CP","Out-of-school children of primary school age, both sexes (number)","CAF","Central African Republic","2011","2011",247359,,
"OFST_1_CP","Out-of-school children of primary school age, both sexes (number)","CAF","Central African Republic","2012","2012",232452,,
"OFST_1_M_CP","Out-of-school children of primary school age, male (number)","CAF","Central African Republic","2005","2005",142507,,
"OFST_1_M_CP","Out-of-school children of primary school age, male (number)","CAF","Central African Republic","2006","2006",142632,"‡","UIS Estimation"
"OFST_1_M_CP","Out-of-school children of primary school age, male (number)","CAF","Central African Republic","2007","2007",114404,,
"OFST_1_M_CP","Out-of-school children of primary school age, male (number)","CAF","Central African Republic","2008","2008",85446,,
"OFST_1_M_CP","Out-of-school children of primary school age, male (number)","CAF","Central African Republic","2009","2009",85734,,
"OFST_1_M_CP","Out-of-school children of primary school age, male (number)","CAF","Central African Republic","2010","2010",79513,"‡","UIS Estimation"
"OFST_1_M_CP","Out-of-school children of primary school age, male (number)","CAF","Central African Republic","2011","2011",90325,,
"OFST_1_M_CP","Out-of-school children of primary school age, male (number)","CAF","Central African Republic","2012","2012",85211,,
"OFST_1_F_CP","Out-of-school children of primary school age, female (number)","CAF","Central African Republic","2005","2005",193564,,
"OFST_1_F_CP","Out-of-school children of primary school age, female (number)","CAF","Central African Republic","2006","2006",196568,"‡","UIS Estimation"
"OFST_1_F_CP","Out-of-school children of primary school age, female (number)","CAF","Central African Republic","2007","2007",179259,,
"OFST_1_F_CP","Out-of-school children of primary school age, female (number)","CAF","Central African Republic","2008","2008",154380,,
"OFST_1_F_CP","Out-of-school children of primary school age, female (number)","CAF","Central African Republic","2009","2009",157118,,
"OFST_1_F_CP","Out-of-school children of primary school age, female (number)","CAF","Central African Republic","2010","2010",151357,"‡","UIS Estimation"
"OFST_1_F_CP","Out-of-school children of primary school age, female (number)","CAF","Central African Republic","2011","2011",157034,,
"OFST_1_F_CP","Out-of-school children of primary school age, female (number)","CAF","Central African Republic","2012","2012",147241,,
"OFST_1_CP","Out-of-school children of primary school age, both sexes (number)","40540","Sub-Saharan Africa","2000","2000",41331032,,
"OFST_1_CP","Out-of-school children of primary school age, both sexes (number)","40540","Sub-Saharan Africa","2001","2001",40223195,"‡","UIS Estimation"
"OFST_1_CP","Out-of-school children of primary school age, both sexes (number)","40540","Sub-Saharan Africa","2002","2002",39404584,"‡","UIS Estimation"
"OFST_1_CP","Out-of-school children of primary school age, both sexes (number)","40540","Sub-Saharan Africa","2003","2003",37705407,"‡","UIS Estimation"
"OFST_1_CP","Out-of-school children of primary school age, both sexes (number)","40540","Sub-Saharan Africa","2004","2004",36756960,,
"OFST_1_CP","Out-of-school children of primary school age, both sexes (number)","40540","Sub-Saharan Africa","2005","2005",35200665,,
"OFST_1_CP","Out-of-school children of primary school age, both sexes (number)","40540","Sub-Saharan Africa","2006","2006",34454737,"‡","UIS Estimation"
"OFST_1_CP","Out-of-school children of primary school age, both sexes (number)","40540","Sub-Saharan Africa","2007","2007",32254241,"‡","UIS Estimation"
"OFST_1_CP","Out-of-school children of primary school age, both sexes (number)","40540","Sub-Saharan Africa","2008","2008",32150128,,
"OFST_1_CP","Out-of-school children of primary school age, both sexes (number)","40540","Sub-Saharan Africa","2009","2009",32392121,,
"OFST_1_CP","Out-of-school children of primary school age, both sexes (number)","40540","Sub-Saharan Africa","2010","2010",33413465,,
"OFST_1_CP","Out-of-school children of primary school age, both sexes (number)","40540","Sub-Saharan Africa","2011","2011",31950513,"‡","UIS Estimation"
"OFST_1_CP","Out-of-school children of primary school age, both sexes (number)","40540","Sub-Saharan Africa","2012","2012",31857349,"‡","UIS Estimation"
"OFST_1_CP","Out-of-school children of primary school age, both sexes (number)","40540","Sub-Saharan Africa","2013","2013",31751344,"‡","UIS Estimation"
"OFST_1_CP","Out-of-school children of primary school age, both sexes (number)","40540","Sub-Saharan Africa","2014","2014",32088719,"‡","UIS Estimation"
"OFST_1_CP","Out-of-school children of primary school age, both sexes (number)","40540","Sub-Saharan Africa","2015","2015",32905389,"‡","UIS Estimation"
"OFST_1_CP","Out-of-school children of primary school age, both sexes (number)","40540","Sub-Saharan Africa","2016","2016",33418387,"‡","UIS Estimation"
"OFST_1_M_CP","Out-of-school children of primary school age, male (number)","40540","Sub-Saharan Africa","2000","2000",18901607,,
"OFST_1_M_CP","Out-of-school children of primary school age, male (number)","40540","Sub-Saharan Africa","2001","2001",18369225,"‡","UIS Estimation"
"OFST_1_M_CP","Out-of-school children of primary school age, male (number)","40540","Sub-Saharan Africa","2002","2002",17915907,"‡","UIS Estimation"
"OFST_1_M_CP","Out-of-school children of primary school age, male (number)","40540","Sub-Saharan Africa","2003","2003",17075831,"‡","UIS Estimation"
"OFST_1_M_CP","Out-of-school children of primary school age, male (number)","40540","Sub-Saharan Africa","2004","2004",16709088,,
"OFST_1_M_CP","Out-of-school children of primary school age, male (number)","40540","Sub-Saharan Africa","2005","2005",15928115,,
"OFST_1_M_CP","Out-of-school children of primary school age, male (number)","40540","Sub-Saharan Africa","2006","2006",15705620,"‡","UIS Estimation"
"OFST_1_M_CP","Out-of-school children of primary school age, male (number)","40540","Sub-Saharan Africa","2007","2007",14132077,"‡","UIS Estimation"
"OFST_1_M_CP","Out-of-school children of primary school age, male (number)","40540","Sub-Saharan Africa","2008","2008",14271000,"‡","UIS Estimation"
"OFST_1_M_CP","Out-of-school children of primary school age, male (number)","40540","Sub-Saharan Africa","2009","2009",14490280,,
"OFST_1_M_CP","Out-of-school children of primary school age, male (number)","40540","Sub-Saharan Africa","2010","2010",15003365,,
"OFST_1_M_CP","Out-of-school children of primary school age, male (number)","40540","Sub-Saharan Africa","2011","2011",14204554,"‡","UIS Estimation"
"OFST_1_M_CP","Out-of-school children of primary school age, male (number)","40540","Sub-Saharan Africa","2012","2012",14192082,"‡","UIS Estimation"
"OFST_1_M_CP","Out-of-school children of primary school age, male (number)","40540","Sub-Saharan Africa","2013","2013",14059401,"‡","UIS Estimation"
"OFST_1_M_CP","Out-of-school children of primary school age, male (number)","40540","Sub-Saharan Africa","2014","2014",14236620,"‡","UIS Estimation"
"OFST_1_M_CP","Out-of-school children of primary school age, male (number)","40540","Sub-Saharan Africa","2015","2015",14595740,"‡","UIS Estimation"
"OFST_1_M_CP","Out-of-school children of primary school age, male (number)","40540","Sub-Saharan Africa","2016","2016",14810161,"‡","UIS Estimation"
"OFST_1_F_CP","Out-of-school children of primary school age, female (number)","40540","Sub-Saharan Africa","2000","2000",22429425,,
"OFST_1_F_CP","Out-of-school children of primary school age, female (number)","40540","Sub-Saharan Africa","2001","2001",21853971,"‡","UIS Estimation"
"OFST_1_F_CP","Out-of-school children of primary school age, female (number)","40540","Sub-Saharan Africa","2002","2002",21488677,"‡","UIS Estimation"
"OFST_1_F_CP","Out-of-school children of primary school age, female (number)","40540","Sub-Saharan Africa","2003","2003",20629576,"‡","UIS Estimation"
"OFST_1_F_CP","Out-of-school children of primary school age, female (number)","40540","Sub-Saharan Africa","2004","2004",20047873,,
"OFST_1_F_CP","Out-of-school children of primary school age, female (number)","40540","Sub-Saharan Africa","2005","2005",19272550,,
"OFST_1_F_CP","Out-of-school children of primary school age, female (number)","40540","Sub-Saharan Africa","2006","2006",18749118,"‡","UIS Estimation"
"OFST_1_F_CP","Out-of-school children of primary school age, female (number)","40540","Sub-Saharan Africa","2007","2007",18122165,"‡","UIS Estimation"
"OFST_1_F_CP","Out-of-school children of primary school age, female (number)","40540","Sub-Saharan Africa","2008","2008",17879128,"‡","UIS Estimation"
"OFST_1_F_CP","Out-of-school children of primary school age, female (number)","40540","Sub-Saharan Africa","2009","2009",17901841,,
"OFST_1_F_CP","Out-of-school children of primary school age, female (number)","40540","Sub-Saharan Africa","2010","2010",18410100,,
"OFST_1_F_CP","Out-of-school children of primary school age, female (number)","40540","Sub-Saharan Africa","2011","2011",17745959,"‡","UIS Estimation"
"OFST_1_F_CP","Out-of-school children of primary school age, female (number)","40540","Sub-Saharan Africa","2012","2012",17665268,"‡","UIS Estimation"
"OFST_1_F_CP","Out-of-school children of primary school age, female (number)","40540","Sub-Saharan Africa","2013","2013",17691943,"‡","UIS Estimation"
"OFST_1_F_CP","Out-of-school children of primary school age, female (number)","40540","Sub-Saharan Africa","2014","2014",17852099,"‡","UIS Estimation"
"OFST_1_F_CP","Out-of-school children of primary school age, female (number)","40540","Sub-Saharan Africa","2015","2015",18309650,"‡","UIS Estimation"
"OFST_1_F_CP","Out-of-school children of primary school age, female (number)","40540","Sub-Saharan Africa","2016","2016",18608226,"‡","UIS Estimation"
"OFST_2T3_CP","Out-of-school adolescents and youth of secondary school age, both sexes (number)","CAF","Central African Republic","2009","2009",485952,,
"OFST_2T3_CP","Out-of-school adolescents and youth of secondary school age, both sexes (number)","CAF","Central African Republic","2011","2011",475765,"‡","UIS Estimation"
"OFST_2T3_CP","Out-of-school adolescents and youth of secondary school age, both sexes (number)","CAF","Central African Republic","2012","2012",481382,,
"OFST_2T3_M_CP","Out-of-school adolescents and youth of secondary school age, male (number)","CAF","Central African Republic","2009","2009",216885,,
"OFST_2T3_M_CP","Out-of-school adolescents and youth of secondary school age, male (number)","CAF","Central African Republic","2011","2011",205554,"‡","UIS Estimation"
"OFST_2T3_M_CP","Out-of-school adolescents and youth of secondary school age, male (number)","CAF","Central African Republic","2012","2012",206961,,
"OFST_2T3_F_CP","Out-of-school adolescents and youth of secondary school age, female (number)","CAF","Central African Republic","2009","2009",269067,,
"OFST_2T3_F_CP","Out-of-school adolescents and youth of secondary school age, female (number)","CAF","Central African Republic","2011","2011",270211,"‡","UIS Estimation"
"OFST_2T3_F_CP","Out-of-school adolescents and youth of secondary school age, female (number)","CAF","Central African Republic","2012","2012",274421,,
"OFST_2T3_CP","Out-of-school adolescents and youth of secondary school age, both sexes (number)","40540","Sub-Saharan Africa","2000","2000",49996728,,
"OFST_2T3_CP","Out-of-school adolescents and youth of secondary school age, both sexes (number)","40540","Sub-Saharan Africa","2001","2001",50630827,,
"OFST_2T3_CP","Out-of-school adolescents and youth of secondary school age, both sexes (number)","40540","Sub-Saharan Africa","2002","2002",50411707,,
"OFST_2T3_CP","Out-of-school adolescents and youth of secondary school age, both sexes (number)","40540","Sub-Saharan Africa","2003","2003",50842748,,
"OFST_2T3_CP","Out-of-school adolescents and youth of secondary school age, both sexes (number)","40540","Sub-Saharan Africa","2004","2004",50949588,,
"OFST_2T3_CP","Out-of-school adolescents and youth of secondary school age, both sexes (number)","40540","Sub-Saharan Africa","2005","2005",51227200,,
"OFST_2T3_CP","Out-of-school adolescents and youth of secondary school age, both sexes (number)","40540","Sub-Saharan Africa","2006","2006",51568738,,
"OFST_2T3_CP","Out-of-school adolescents and youth of secondary school age, both sexes (number)","40540","Sub-Saharan Africa","2007","2007",52553657,,
"OFST_2T3_CP","Out-of-school adolescents and youth of secondary school age, both sexes (number)","40540","Sub-Saharan Africa","2008","2008",51989568,,
"OFST_2T3_CP","Out-of-school adolescents and youth of secondary school age, both sexes (number)","40540","Sub-Saharan Africa","2009","2009",52186880,"‡","UIS Estimation"
"OFST_2T3_CP","Out-of-school adolescents and youth of secondary school age, both sexes (number)","40540","Sub-Saharan Africa","2010","2010",51933315,"‡","UIS Estimation"
"OFST_2T3_CP","Out-of-school adolescents and youth of secondary school age, both sexes (number)","40540","Sub-Saharan Africa","2011","2011",53127984,"‡","UIS Estimation"
"OFST_2T3_CP","Out-of-school adolescents and youth of secondary school age, both sexes (number)","40540","Sub-Saharan Africa","2012","2012",54555874,"‡","UIS Estimation"
"OFST_2T3_CP","Out-of-school adolescents and youth of secondary school age, both sexes (number)","40540","Sub-Saharan Africa","2013","2013",55981621,"‡","UIS Estimation"
"OFST_2T3_CP","Out-of-school adolescents and youth of secondary school age, both sexes (number)","40540","Sub-Saharan Africa","2014","2014",57875789,,
"OFST_2T3_CP","Out-of-school adolescents and youth of secondary school age, both sexes (number)","40540","Sub-Saharan Africa","2015","2015",59433959,,
"OFST_2T3_CP","Out-of-school adolescents and youth of secondary school age, both sexes (number)","40540","Sub-Saharan Africa","2016","2016",61447475,,
"OFST_2T3_F_CP","Out-of-school adolescents and youth of secondary school age, female (number)","40540","Sub-Saharan Africa","2000","2000",27282737,,
"OFST_2T3_F_CP","Out-of-school adolescents and youth of secondary school age, female (number)","40540","Sub-Saharan Africa","2001","2001",27667225,,
"OFST_2T3_F_CP","Out-of-school adolescents and youth of secondary school age, female (number)","40540","Sub-Saharan Africa","2002","2002",27624780,,
"OFST_2T3_F_CP","Out-of-school adolescents and youth of secondary school age, female (number)","40540","Sub-Saharan Africa","2003","2003",27835719,"‡","UIS Estimation"
"OFST_2T3_F_CP","Out-of-school adolescents and youth of secondary school age, female (number)","40540","Sub-Saharan Africa","2004","2004",27818155,"‡","UIS Estimation"
"OFST_2T3_F_CP","Out-of-school adolescents and youth of secondary school age, female (number)","40540","Sub-Saharan Africa","2005","2005",27902960,"‡","UIS Estimation"
"OFST_2T3_F_CP","Out-of-school adolescents and youth of secondary school age, female (number)","40540","Sub-Saharan Africa","2006","2006",28005959,"‡","UIS Estimation"
"OFST_2T3_F_CP","Out-of-school adolescents and youth of secondary school age, female (number)","40540","Sub-Saharan Africa","2007","2007",28357572,"‡","UIS Estimation"
"OFST_2T3_F_CP","Out-of-school adolescents and youth of secondary school age, female (number)","40540","Sub-Saharan Africa","2008","2008",27981549,"‡","UIS Estimation"
"OFST_2T3_F_CP","Out-of-school adolescents and youth of secondary school age, female (number)","40540","Sub-Saharan Africa","2009","2009",27921860,"‡","UIS Estimation"
"OFST_2T3_F_CP","Out-of-school adolescents and youth of secondary school age, female (number)","40540","Sub-Saharan Africa","2010","2010",27752099,"‡","UIS Estimation"
"OFST_2T3_F_CP","Out-of-school adolescents and youth of secondary school age, female (number)","40540","Sub-Saharan Africa","2011","2011",28271817,"‡","UIS Estimation"
"OFST_2T3_F_CP","Out-of-school adolescents and youth of secondary school age, female (number)","40540","Sub-Saharan Africa","2012","2012",28926274,"‡","UIS Estimation"
"OFST_2T3_F_CP","Out-of-school adolescents and youth of secondary school age, female (number)","40540","Sub-Saharan Africa","2013","2013",29614892,"‡","UIS Estimation"
"OFST_2T3_F_CP","Out-of-school adolescents and youth of secondary school age, female (number)","40540","Sub-Saharan Africa","2014","2014",30490389,,
"OFST_2T3_F_CP","Out-of-school adolescents and youth of secondary school age, female (number)","40540","Sub-Saharan Africa","2015","2015",31233387,,
"OFST_2T3_F_CP","Out-of-school adolescents and youth of secondary school age, female (number)","40540","Sub-Saharan Africa","2016","2016",32257759,,
"OFST_2T3_M_CP","Out-of-school adolescents and youth of secondary school age, male (number)","40540","Sub-Saharan Africa","2000","2000",22713991,,
"OFST_2T3_M_CP","Out-of-school adolescents and youth of secondary school age, male (number)","40540","Sub-Saharan Africa","2001","2001",22963602,,
"OFST_2T3_M_CP","Out-of-school adolescents and youth of secondary school age, male (number)","40540","Sub-Saharan Africa","2002","2002",22786927,,
"OFST_2T3_M_CP","Out-of-school adolescents and youth of secondary school age, male (number)","40540","Sub-Saharan Africa","2003","2003",23007029,"‡","UIS Estimation"
"OFST_2T3_M_CP","Out-of-school adolescents and youth of secondary school age, male (number)","40540","Sub-Saharan Africa","2004","2004",23131434,"‡","UIS Estimation"
"OFST_2T3_M_CP","Out-of-school adolescents and youth of secondary school age, male (number)","40540","Sub-Saharan Africa","2005","2005",23324240,"‡","UIS Estimation"
"OFST_2T3_M_CP","Out-of-school adolescents and youth of secondary school age, male (number)","40540","Sub-Saharan Africa","2006","2006",23562780,"‡","UIS Estimation"
"OFST_2T3_M_CP","Out-of-school adolescents and youth of secondary school age, male (number)","40540","Sub-Saharan Africa","2007","2007",24196085,"‡","UIS Estimation"
"OFST_2T3_M_CP","Out-of-school adolescents and youth of secondary school age, male (number)","40540","Sub-Saharan Africa","2008","2008",24008018,"‡","UIS Estimation"
"OFST_2T3_M_CP","Out-of-school adolescents and youth of secondary school age, male (number)","40540","Sub-Saharan Africa","2009","2009",24265020,"‡","UIS Estimation"
"OFST_2T3_M_CP","Out-of-school adolescents and youth of secondary school age, male (number)","40540","Sub-Saharan Africa","2010","2010",24181216,"‡","UIS Estimation"
"OFST_2T3_M_CP","Out-of-school adolescents and youth of secondary school age, male (number)","40540","Sub-Saharan Africa","2011","2011",24856168,"‡","UIS Estimation"
"OFST_2T3_M_CP","Out-of-school adolescents and youth of secondary school age, male (number)","40540","Sub-Saharan Africa","2012","2012",25629600,"‡","UIS Estimation"
"OFST_2T3_M_CP","Out-of-school adolescents and youth of secondary school age, male (number)","40540","Sub-Saharan Africa","2013","2013",26366730,"‡","UIS Estimation"
"OFST_2T3_M_CP","Out-of-school adolescents and youth of secondary school age, male (number)","40540","Sub-Saharan Africa","2014","2014",27385400,,
"OFST_2T3_M_CP","Out-of-school adolescents and youth of secondary school age, male (number)","40540","Sub-Saharan Africa","2015","2015",28200572,,
"OFST_2T3_M_CP","Out-of-school adolescents and youth of secondary school age, male (number)","40540","Sub-Saharan Africa","2016","2016",29189716,,
"OFST_1_CP","Out-of-school children of primary school age, both sexes (number)","40606","Africa (Sub-Saharan) ","2000","2000",41592616,,
"OFST_1_CP","Out-of-school children of primary school age, both sexes (number)","40606","Africa (Sub-Saharan) ","2001","2001",40469979,"‡","UIS Estimation"
"OFST_1_CP","Out-of-school children of primary school age, both sexes (number)","40606","Africa (Sub-Saharan) ","2002","2002",39656119,"‡","UIS Estimation"
"OFST_1_CP","Out-of-school children of primary school age, both sexes (number)","40606","Africa (Sub-Saharan) ","2003","2003",37944950,"‡","UIS Estimation"
"OFST_1_CP","Out-of-school children of primary school age, both sexes (number)","40606","Africa (Sub-Saharan) ","2004","2004",36965738,,
"OFST_1_CP","Out-of-school children of primary school age, both sexes (number)","40606","Africa (Sub-Saharan) ","2005","2005",35417987,,
"OFST_1_CP","Out-of-school children of primary school age, both sexes (number)","40606","Africa (Sub-Saharan) ","2006","2006",34659946,"‡","UIS Estimation"
"OFST_1_CP","Out-of-school children of primary school age, both sexes (number)","40606","Africa (Sub-Saharan) ","2007","2007",32454848,"‡","UIS Estimation"
"OFST_1_CP","Out-of-school children of primary school age, both sexes (number)","40606","Africa (Sub-Saharan) ","2008","2008",32358240,,
"OFST_1_CP","Out-of-school children of primary school age, both sexes (number)","40606","Africa (Sub-Saharan) ","2009","2009",32608726,,
"OFST_1_CP","Out-of-school children of primary school age, both sexes (number)","40606","Africa (Sub-Saharan) ","2010","2010",33628015,,
"OFST_1_CP","Out-of-school children of primary school age, both sexes (number)","40606","Africa (Sub-Saharan) ","2011","2011",32161840,"‡","UIS Estimation"
"OFST_1_CP","Out-of-school children of primary school age, both sexes (number)","40606","Africa (Sub-Saharan) ","2012","2012",32078046,"‡","UIS Estimation"
"OFST_1_CP","Out-of-school children of primary school age, both sexes (number)","40606","Africa (Sub-Saharan) ","2013","2013",31961363,"‡","UIS Estimation"
"OFST_1_CP","Out-of-school children of primary school age, both sexes (number)","40606","Africa (Sub-Saharan) ","2014","2014",32282076,"‡","UIS Estimation"
"OFST_1_CP","Out-of-school children of primary school age, both sexes (number)","40606","Africa (Sub-Saharan) ","2015","2015",33091555,"‡","UIS Estimation"
"OFST_1_CP","Out-of-school children of primary school age, both sexes (number)","40606","Africa (Sub-Saharan) ","2016","2016",33648956,"‡","UIS Estimation"
"OFST_1_CP","Out-of-school children of primary school age, both sexes (number)","40603","Africa (Northern)","2000","2000",4878563,,
"OFST_1_CP","Out-of-school children of primary school age, both sexes (number)","40603","Africa (Northern)","2001","2001",4515851,,
"OFST_1_CP","Out-of-school children of primary school age, both sexes (number)","40603","Africa (Northern)","2002","2002",4181742,,
"OFST_1_CP","Out-of-school children of primary school age, both sexes (number)","40603","Africa (Northern)","2003","2003",3945226,,
"OFST_1_CP","Out-of-school children of primary school age, both sexes (number)","40603","Africa (Northern)","2004","2004",3711461,,
"OFST_1_CP","Out-of-school children of primary school age, both sexes (number)","40603","Africa (Northern)","2005","2005",3734483,,
"OFST_1_CP","Out-of-school children of primary school age, both sexes (number)","40603","Africa (Northern)","2006","2006",3649284,,
"OFST_1_CP","Out-of-school children of primary school age, both sexes (number)","40603","Africa (Northern)","2007","2007",3122551,,
"OFST_1_CP","Out-of-school children of primary school age, both sexes (number)","40603","Africa (Northern)","2008","2008",2791008,"‡","UIS Estimation"
"OFST_1_CP","Out-of-school children of primary school age, both sexes (number)","40603","Africa (Northern)","2009","2009",2749660,,
"OFST_1_CP","Out-of-school children of primary school age, both sexes (number)","40603","Africa (Northern)","2010","2010",2628578,,
"OFST_1_CP","Out-of-school children of primary school age, both sexes (number)","40603","Africa (Northern)","2011","2011",3131217,,
"OFST_1_CP","Out-of-school children of primary school age, both sexes (number)","40603","Africa (Northern)","2012","2012",3193968,,
"OFST_1_CP","Out-of-school children of primary school age, both sexes (number)","40603","Africa (Northern)","2013","2013",3142096,"‡","UIS Estimation"
"OFST_1_CP","Out-of-school children of primary school age, both sexes (number)","40603","Africa (Northern)","2014","2014",3254194,,
"OFST_1_CP","Out-of-school children of primary school age, both sexes (number)","40603","Africa (Northern)","2015","2015",3181524,"‡","UIS Estimation"
"OFST_1_CP","Out-of-school children of primary school age, both sexes (number)","40603","Africa (Northern)","2016","2016",2940229,,
"OFST_1_F_CP","Out-of-school children of primary school age, female (number)","40606","Africa (Sub-Saharan) ","2000","2000",22562688,,
"OFST_1_F_CP","Out-of-school children of primary school age, female (number)","40606","Africa (Sub-Saharan) ","2001","2001",21980901,"‡","UIS Estimation"
"OFST_1_F_CP","Out-of-school children of primary school age, female (number)","40606","Africa (Sub-Saharan) ","2002","2002",21615994,"‡","UIS Estimation"
"OFST_1_F_CP","Out-of-school children of primary school age, female (number)","40606","Africa (Sub-Saharan) ","2003","2003",20750245,"‡","UIS Estimation"
"OFST_1_F_CP","Out-of-school children of primary school age, female (number)","40606","Africa (Sub-Saharan) ","2004","2004",20152172,,
"OFST_1_F_CP","Out-of-school children of primary school age, female (number)","40606","Africa (Sub-Saharan) ","2005","2005",19379863,,
"OFST_1_F_CP","Out-of-school children of primary school age, female (number)","40606","Africa (Sub-Saharan) ","2006","2006",18850889,"‡","UIS Estimation"
"OFST_1_F_CP","Out-of-school children of primary school age, female (number)","40606","Africa (Sub-Saharan) ","2007","2007",18220444,"‡","UIS Estimation"
"OFST_1_F_CP","Out-of-school children of primary school age, female (number)","40606","Africa (Sub-Saharan) ","2008","2008",17979314,"‡","UIS Estimation"
"OFST_1_F_CP","Out-of-school children of primary school age, female (number)","40606","Africa (Sub-Saharan) ","2009","2009",18006759,,
"OFST_1_F_CP","Out-of-school children of primary school age, female (number)","40606","Africa (Sub-Saharan) ","2010","2010",18513756,,
"OFST_1_F_CP","Out-of-school children of primary school age, female (number)","40606","Africa (Sub-Saharan) ","2011","2011",17846787,"‡","UIS Estimation"
"OFST_1_F_CP","Out-of-school children of primary school age, female (number)","40606","Africa (Sub-Saharan) ","2012","2012",17768998,"‡","UIS Estimation"
"OFST_1_F_CP","Out-of-school children of primary school age, female (number)","40606","Africa (Sub-Saharan) ","2013","2013",17792223,"‡","UIS Estimation"
"OFST_1_F_CP","Out-of-school children of primary school age, female (number)","40606","Africa (Sub-Saharan) ","2014","2014",17944415,"‡","UIS Estimation"
"OFST_1_F_CP","Out-of-school children of primary school age, female (number)","40606","Africa (Sub-Saharan) ","2015","2015",18398266,"‡","UIS Estimation"
"OFST_1_F_CP","Out-of-school children of primary school age, female (number)","40606","Africa (Sub-Saharan) ","2016","2016",18717211,"‡","UIS Estimation"
"OFST_1_M_CP","Out-of-school children of primary school age, male (number)","40606","Africa (Sub-Saharan) ","2000","2000",19029928,,
"OFST_1_M_CP","Out-of-school children of primary school age, male (number)","40606","Africa (Sub-Saharan) ","2001","2001",18489079,"‡","UIS Estimation"
"OFST_1_M_CP","Out-of-school children of primary school age, male (number)","40606","Africa (Sub-Saharan) ","2002","2002",18040125,"‡","UIS Estimation"
"OFST_1_M_CP","Out-of-school children of primary school age, male (number)","40606","Africa (Sub-Saharan) ","2003","2003",17194705,"‡","UIS Estimation"
"OFST_1_M_CP","Out-of-school children of primary school age, male (number)","40606","Africa (Sub-Saharan) ","2004","2004",16813567,,
"OFST_1_M_CP","Out-of-school children of primary school age, male (number)","40606","Africa (Sub-Saharan) ","2005","2005",16038124,,
"OFST_1_M_CP","Out-of-school children of primary school age, male (number)","40606","Africa (Sub-Saharan) ","2006","2006",15809058,"‡","UIS Estimation"
"OFST_1_M_CP","Out-of-school children of primary school age, male (number)","40606","Africa (Sub-Saharan) ","2007","2007",14234405,"‡","UIS Estimation"
"OFST_1_M_CP","Out-of-school children of primary school age, male (number)","40606","Africa (Sub-Saharan) ","2008","2008",14378926,"‡","UIS Estimation"
"OFST_1_M_CP","Out-of-school children of primary school age, male (number)","40606","Africa (Sub-Saharan) ","2009","2009",14601967,,
"OFST_1_M_CP","Out-of-school children of primary school age, male (number)","40606","Africa (Sub-Saharan) ","2010","2010",15114259,,
"OFST_1_M_CP","Out-of-school children of primary school age, male (number)","40606","Africa (Sub-Saharan) ","2011","2011",14315053,"‡","UIS Estimation"
"OFST_1_M_CP","Out-of-school children of primary school age, male (number)","40606","Africa (Sub-Saharan) ","2012","2012",14309048,"‡","UIS Estimation"
"OFST_1_M_CP","Out-of-school children of primary school age, male (number)","40606","Africa (Sub-Saharan) ","2013","2013",14169140,"‡","UIS Estimation"
"OFST_1_M_CP","Out-of-school children of primary school age, male (number)","40606","Africa (Sub-Saharan) ","2014","2014",14337661,"‡","UIS Estimation"
"OFST_1_M_CP","Out-of-school children of primary school age, male (number)","40606","Africa (Sub-Saharan) ","2015","2015",14693289,"‡","UIS Estimation"
"OFST_1_M_CP","Out-of-school children of primary school age, male (number)","40606","Africa (Sub-Saharan) ","2016","2016",14931745,"‡","UIS Estimation"
"OFST_1_M_CP","Out-of-school children of primary school age, male (number)","40617","Western Asia and Northern Africa","2000","2000",3276156,"‡","UIS Estimation"
"OFST_1_M_CP","Out-of-school children of primary school age, male (number)","40617","Western Asia and Northern Africa","2001","2001",3037081,"‡","UIS Estimation"
"OFST_1_M_CP","Out-of-school children of primary school age, male (number)","40617","Western Asia and Northern Africa","2002","2002",2822008,"‡","UIS Estimation"
"OFST_1_M_CP","Out-of-school children of primary school age, male (number)","40617","Western Asia and Northern Africa","2003","2003",2627513,"‡","UIS Estimation"
"OFST_1_M_CP","Out-of-school children of primary school age, male (number)","40617","Western Asia and Northern Africa","2004","2004",2471733,"‡","UIS Estimation"
"OFST_1_M_CP","Out-of-school children of primary school age, male (number)","40617","Western Asia and Northern Africa","2005","2005",2439308,"‡","UIS Estimation"
"OFST_1_M_CP","Out-of-school children of primary school age, male (number)","40617","Western Asia and Northern Africa","2006","2006",2383762,"‡","UIS Estimation"
"OFST_1_M_CP","Out-of-school children of primary school age, male (number)","40617","Western Asia and Northern Africa","2007","2007",2112226,"‡","UIS Estimation"
"OFST_1_M_CP","Out-of-school children of primary school age, male (number)","40617","Western Asia and Northern Africa","2008","2008",1955495,"‡","UIS Estimation"
"OFST_1_M_CP","Out-of-school children of primary school age, male (number)","40617","Western Asia and Northern Africa","2009","2009",1941929,"‡","UIS Estimation"
"OFST_1_M_CP","Out-of-school children of primary school age, male (number)","40617","Western Asia and Northern Africa","2010","2010",1773326,"‡","UIS Estimation"
"OFST_1_M_CP","Out-of-school children of primary school age, male (number)","40617","Western Asia and Northern Africa","2011","2011",1980933,"‡","UIS Estimation"
"OFST_1_M_CP","Out-of-school children of primary school age, male (number)","40617","Western Asia and Northern Africa","2012","2012",2188157,,
"OFST_1_M_CP","Out-of-school children of primary school age, male (number)","40617","Western Asia and Northern Africa","2013","2013",2532061,"‡","UIS Estimation"
"OFST_1_M_CP","Out-of-school children of primary school age, male (number)","40617","Western Asia and Northern Africa","2014","2014",2796405,"‡","UIS Estimation"
"OFST_1_M_CP","Out-of-school children of primary school age, male (number)","40617","Western Asia and Northern Africa","2015","2015",2738769,"‡","UIS Estimation"
"OFST_1_M_CP","Out-of-school children of primary school age, male (number)","40617","Western Asia and Northern Africa","2016","2016",2754003,,
"OFST_1_M_CP","Out-of-school children of primary school age, male (number)","40603","Africa (Northern)","2000","2000",2143489,,
"OFST_1_M_CP","Out-of-school children of primary school age, male (number)","40603","Africa (Northern)","2001","2001",1994185,,
"OFST_1_M_CP","Out-of-school children of primary school age, male (number)","40603","Africa (Northern)","2002","2002",1859173,,
"OFST_1_M_CP","Out-of-school children of primary school age, male (number)","40603","Africa (Northern)","2003","2003",1760931,,
"OFST_1_M_CP","Out-of-school children of primary school age, male (number)","40603","Africa (Northern)","2004","2004",1674145,,
"OFST_1_M_CP","Out-of-school children of primary school age, male (number)","40603","Africa (Northern)","2005","2005",1665857,"‡","UIS Estimation"
"OFST_1_M_CP","Out-of-school children of primary school age, male (number)","40603","Africa (Northern)","2006","2006",1624204,"‡","UIS Estimation"
"OFST_1_M_CP","Out-of-school children of primary school age, male (number)","40603","Africa (Northern)","2007","2007",1387710,"‡","UIS Estimation"
"OFST_1_M_CP","Out-of-school children of primary school age, male (number)","40603","Africa (Northern)","2008","2008",1226462,"‡","UIS Estimation"
"OFST_1_M_CP","Out-of-school children of primary school age, male (number)","40603","Africa (Northern)","2009","2009",1218635,"‡","UIS Estimation"
"OFST_1_M_CP","Out-of-school children of primary school age, male (number)","40603","Africa (Northern)","2010","2010",1193866,"‡","UIS Estimation"
"OFST_1_M_CP","Out-of-school children of primary school age, male (number)","40603","Africa (Northern)","2011","2011",1432691,"‡","UIS Estimation"
"OFST_1_M_CP","Out-of-school children of primary school age, male (number)","40603","Africa (Northern)","2012","2012",1647459,,
"OFST_1_M_CP","Out-of-school children of primary school age, male (number)","40603","Africa (Northern)","2013","2013",1643685,"‡","UIS Estimation"
"OFST_1_M_CP","Out-of-school children of primary school age, male (number)","40603","Africa (Northern)","2014","2014",1734396,,
"OFST_1_M_CP","Out-of-school children of primary school age, male (number)","40603","Africa (Northern)","2015","2015",1689587,"‡","UIS Estimation"
"OFST_1_M_CP","Out-of-school children of primary school age, male (number)","40603","Africa (Northern)","2016","2016",1584499,,
"OFST_2T3_M_CP","Out-of-school adolescents and youth of secondary school age, male (number)","40617","Western Asia and Northern Africa","2000","2000",7480326,,
"OFST_2T3_M_CP","Out-of-school adolescents and youth of secondary school age, male (number)","40617","Western Asia and Northern Africa","2001","2001",7289237,,
"OFST_2T3_M_CP","Out-of-school adolescents and youth of secondary school age, male (number)","40617","Western Asia and Northern Africa","2002","2002",7257779,,
"OFST_2T3_M_CP","Out-of-school adolescents and youth of secondary school age, male (number)","40617","Western Asia and Northern Africa","2003","2003",7155886,,
"OFST_2T3_M_CP","Out-of-school adolescents and youth of secondary school age, male (number)","40617","Western Asia and Northern Africa","2004","2004",6777185,,
"OFST_2T3_M_CP","Out-of-school adolescents and youth of secondary school age, male (number)","40617","Western Asia and Northern Africa","2005","2005",6611182,,
"OFST_2T3_M_CP","Out-of-school adolescents and youth of secondary school age, male (number)","40617","Western Asia and Northern Africa","2006","2006",6618231,,
"OFST_2T3_M_CP","Out-of-school adolescents and youth of secondary school age, male (number)","40617","Western Asia and Northern Africa","2007","2007",6716254,,
"OFST_2T3_M_CP","Out-of-school adolescents and youth of secondary school age, male (number)","40617","Western Asia and Northern Africa","2008","2008",6594339,,
"OFST_2T3_M_CP","Out-of-school adolescents and youth of secondary school age, male (number)","40617","Western Asia and Northern Africa","2009","2009",6469222,,
"OFST_2T3_M_CP","Out-of-school adolescents and youth of secondary school age, male (number)","40617","Western Asia and Northern Africa","2010","2010",6272494,,
"OFST_2T3_M_CP","Out-of-school adolescents and youth of secondary school age, male (number)","40617","Western Asia and Northern Africa","2011","2011",6014905,,
"OFST_2T3_M_CP","Out-of-school adolescents and youth of secondary school age, male (number)","40617","Western Asia and Northern Africa","2012","2012",5886584,,
"OFST_2T3_M_CP","Out-of-school adolescents and youth of secondary school age, male (number)","40617","Western Asia and Northern Africa","2013","2013",6075871,,
"OFST_2T3_M_CP","Out-of-school adolescents and youth of secondary school age, male (number)","40617","Western Asia and Northern Africa","2014","2014",5788397,,
"OFST_2T3_M_CP","Out-of-school adolescents and youth of secondary school age, male (number)","40617","Western Asia and Northern Africa","2015","2015",5811323,,
"OFST_2T3_M_CP","Out-of-school adolescents and youth of secondary school age, male (number)","40617","Western Asia and Northern Africa","2016","2016",5828473,,
"OFST_2T3_M_CP","Out-of-school adolescents and youth of secondary school age, male (number)","40603","Africa (Northern)","2000","2000",3883467,"‡","UIS Estimation"
"OFST_2T3_M_CP","Out-of-school adolescents and youth of secondary school age, male (number)","40603","Africa (Northern)","2001","2001",3849799,"‡","UIS Estimation"
"OFST_2T3_M_CP","Out-of-school adolescents and youth of secondary school age, male (number)","40603","Africa (Northern)","2002","2002",3823654,"‡","UIS Estimation"
"OFST_2T3_M_CP","Out-of-school adolescents and youth of secondary school age, male (number)","40603","Africa (Northern)","2003","2003",3846863,"‡","UIS Estimation"
"OFST_2T3_M_CP","Out-of-school adolescents and youth of secondary school age, male (number)","40603","Africa (Northern)","2004","2004",3660270,"‡","UIS Estimation"
"OFST_2T3_M_CP","Out-of-school adolescents and youth of secondary school age, male (number)","40603","Africa (Northern)","2005","2005",3598271,"‡","UIS Estimation"
"OFST_2T3_M_CP","Out-of-school adolescents and youth of secondary school age, male (number)","40603","Africa (Northern)","2006","2006",3604060,"‡","UIS Estimation"
"OFST_2T3_M_CP","Out-of-school adolescents and youth of secondary school age, male (number)","40603","Africa (Northern)","2007","2007",3740426,"‡","UIS Estimation"
"OFST_2T3_M_CP","Out-of-school adolescents and youth of secondary school age, male (number)","40603","Africa (Northern)","2008","2008",3548183,"‡","UIS Estimation"
"OFST_2T3_M_CP","Out-of-school adolescents and youth of secondary school age, male (number)","40603","Africa (Northern)","2009","2009",3221443,"‡","UIS Estimation"
"OFST_2T3_M_CP","Out-of-school adolescents and youth of secondary school age, male (number)","40603","Africa (Northern)","2010","2010",3216195,"‡","UIS Estimation"
"OFST_2T3_M_CP","Out-of-school adolescents and youth of secondary school age, male (number)","40603","Africa (Northern)","2011","2011",3148923,"‡","UIS Estimation"
"OFST_2T3_M_CP","Out-of-school adolescents and youth of secondary school age, male (number)","40603","Africa (Northern)","2012","2012",2875575,"‡","UIS Estimation"
"OFST_2T3_M_CP","Out-of-school adolescents and youth of secondary school age, male (number)","40603","Africa (Northern)","2013","2013",2701503,"‡","UIS Estimation"
"OFST_2T3_M_CP","Out-of-school adolescents and youth of secondary school age, male (number)","40603","Africa (Northern)","2014","2014",2634419,,
"OFST_2T3_M_CP","Out-of-school adolescents and youth of secondary school age, male (number)","40603","Africa (Northern)","2015","2015",2558523,,
"OFST_2T3_M_CP","Out-of-school adolescents and youth of secondary school age, male (number)","40603","Africa (Northern)","2016","2016",2453748,,
"OFST_2T3_CP","Out-of-school adolescents and youth of secondary school age, both sexes (number)","40606","Africa (Sub-Saharan) ","2000","2000",50333337,,
"OFST_2T3_CP","Out-of-school adolescents and youth of secondary school age, both sexes (number)","40606","Africa (Sub-Saharan) ","2001","2001",50970831,,
"OFST_2T3_CP","Out-of-school adolescents and youth of secondary school age, both sexes (number)","40606","Africa (Sub-Saharan) ","2002","2002",50760188,,
"OFST_2T3_CP","Out-of-school adolescents and youth of secondary school age, both sexes (number)","40606","Africa (Sub-Saharan) ","2003","2003",51202219,,
"OFST_2T3_CP","Out-of-school adolescents and youth of secondary school age, both sexes (number)","40606","Africa (Sub-Saharan) ","2004","2004",51316839,,
"OFST_2T3_CP","Out-of-school adolescents and youth of secondary school age, both sexes (number)","40606","Africa (Sub-Saharan) ","2005","2005",51592196,,
"OFST_2T3_CP","Out-of-school adolescents and youth of secondary school age, both sexes (number)","40606","Africa (Sub-Saharan) ","2006","2006",51951152,,
"OFST_2T3_CP","Out-of-school adolescents and youth of secondary school age, both sexes (number)","40606","Africa (Sub-Saharan) ","2007","2007",52936803,,
"OFST_2T3_CP","Out-of-school adolescents and youth of secondary school age, both sexes (number)","40606","Africa (Sub-Saharan) ","2008","2008",52416015,,
"OFST_2T3_CP","Out-of-school adolescents and youth of secondary school age, both sexes (number)","40606","Africa (Sub-Saharan) ","2009","2009",52599891,"‡","UIS Estimation"
"OFST_2T3_CP","Out-of-school adolescents and youth of secondary school age, both sexes (number)","40606","Africa (Sub-Saharan) ","2010","2010",52338290,"‡","UIS Estimation"
"OFST_2T3_CP","Out-of-school adolescents and youth of secondary school age, both sexes (number)","40606","Africa (Sub-Saharan) ","2011","2011",53524995,"‡","UIS Estimation"
"OFST_2T3_CP","Out-of-school adolescents and youth of secondary school age, both sexes (number)","40606","Africa (Sub-Saharan) ","2012","2012",54936483,"‡","UIS Estimation"
"OFST_2T3_CP","Out-of-school adolescents and youth of secondary school age, both sexes (number)","40606","Africa (Sub-Saharan) ","2013","2013",56389096,"‡","UIS Estimation"
"OFST_2T3_CP","Out-of-school adolescents and youth of secondary school age, both sexes (number)","40606","Africa (Sub-Saharan) ","2014","2014",58287146,,
"OFST_2T3_CP","Out-of-school adolescents and youth of secondary school age, both sexes (number)","40606","Africa (Sub-Saharan) ","2015","2015",59847575,,
"OFST_2T3_CP","Out-of-school adolescents and youth of secondary school age, both sexes (number)","40606","Africa (Sub-Saharan) ","2016","2016",61881355,,
"OFST_2T3_CP","Out-of-school adolescents and youth of secondary school age, both sexes (number)","40617","Western Asia and Northern Africa","2000","2000",16931566,,
"OFST_2T3_CP","Out-of-school adolescents and youth of secondary school age, both sexes (number)","40617","Western Asia and Northern Africa","2001","2001",16412311,,
"OFST_2T3_CP","Out-of-school adolescents and youth of secondary school age, both sexes (number)","40617","Western Asia and Northern Africa","2002","2002",16226583,,
"OFST_2T3_CP","Out-of-school adolescents and youth of secondary school age, both sexes (number)","40617","Western Asia and Northern Africa","2003","2003",15976874,,
"OFST_2T3_CP","Out-of-school adolescents and youth of secondary school age, both sexes (number)","40617","Western Asia and Northern Africa","2004","2004",15234880,,
"OFST_2T3_CP","Out-of-school adolescents and youth of secondary school age, both sexes (number)","40617","Western Asia and Northern Africa","2005","2005",14831061,,
"OFST_2T3_CP","Out-of-school adolescents and youth of secondary school age, both sexes (number)","40617","Western Asia and Northern Africa","2006","2006",14715090,,
"OFST_2T3_CP","Out-of-school adolescents and youth of secondary school age, both sexes (number)","40617","Western Asia and Northern Africa","2007","2007",14860240,,
"OFST_2T3_CP","Out-of-school adolescents and youth of secondary school age, both sexes (number)","40617","Western Asia and Northern Africa","2008","2008",14480466,,
"OFST_2T3_CP","Out-of-school adolescents and youth of secondary school age, both sexes (number)","40617","Western Asia and Northern Africa","2009","2009",14091212,,
"OFST_2T3_CP","Out-of-school adolescents and youth of secondary school age, both sexes (number)","40617","Western Asia and Northern Africa","2010","2010",13553554,,
"OFST_2T3_CP","Out-of-school adolescents and youth of secondary school age, both sexes (number)","40617","Western Asia and Northern Africa","2011","2011",12889515,,
"OFST_2T3_CP","Out-of-school adolescents and youth of secondary school age, both sexes (number)","40617","Western Asia and Northern Africa","2012","2012",12514684,,
"OFST_2T3_CP","Out-of-school adolescents and youth of secondary school age, both sexes (number)","40617","Western Asia and Northern Africa","2013","2013",12992572,,
"OFST_2T3_CP","Out-of-school adolescents and youth of secondary school age, both sexes (number)","40617","Western Asia and Northern Africa","2014","2014",12481155,,
"OFST_2T3_CP","Out-of-school adolescents and youth of secondary school age, both sexes (number)","40617","Western Asia and Northern Africa","2015","2015",12551713,,
"OFST_2T3_CP","Out-of-school adolescents and youth of secondary school age, both sexes (number)","40617","Western Asia and Northern Africa","2016","2016",12624726,,
"OFST_2T3_F_CP","Out-of-school adolescents and youth of secondary school age, female (number)","40606","Africa (Sub-Saharan) ","2000","2000",27454461,,
"OFST_2T3_F_CP","Out-of-school adolescents and youth of secondary school age, female (number)","40606","Africa (Sub-Saharan) ","2001","2001",27840691,,
"OFST_2T3_F_CP","Out-of-school adolescents and youth of secondary school age, female (number)","40606","Africa (Sub-Saharan) ","2002","2002",27802655,,
"OFST_2T3_F_CP","Out-of-school adolescents and youth of secondary school age, female (number)","40606","Africa (Sub-Saharan) ","2003","2003",28018692,"‡","UIS Estimation"
"OFST_2T3_F_CP","Out-of-school adolescents and youth of secondary school age, female (number)","40606","Africa (Sub-Saharan) ","2004","2004",28004545,"‡","UIS Estimation"
"OFST_2T3_F_CP","Out-of-school adolescents and youth of secondary school age, female (number)","40606","Africa (Sub-Saharan) ","2005","2005",28087319,"‡","UIS Estimation"
"OFST_2T3_F_CP","Out-of-school adolescents and youth of secondary school age, female (number)","40606","Africa (Sub-Saharan) ","2006","2006",28198471,"‡","UIS Estimation"
"OFST_2T3_F_CP","Out-of-school adolescents and youth of secondary school age, female (number)","40606","Africa (Sub-Saharan) ","2007","2007",28550969,"‡","UIS Estimation"
"OFST_2T3_F_CP","Out-of-school adolescents and youth of secondary school age, female (number)","40606","Africa (Sub-Saharan) ","2008","2008",28197664,"‡","UIS Estimation"
"OFST_2T3_F_CP","Out-of-school adolescents and youth of secondary school age, female (number)","40606","Africa (Sub-Saharan) ","2009","2009",28131868,"‡","UIS Estimation"
"OFST_2T3_F_CP","Out-of-school adolescents and youth of secondary school age, female (number)","40606","Africa (Sub-Saharan) ","2010","2010",27958554,"‡","UIS Estimation"
"OFST_2T3_F_CP","Out-of-school adolescents and youth of secondary school age, female (number)","40606","Africa (Sub-Saharan) ","2011","2011",28474687,"‡","UIS Estimation"
"OFST_2T3_F_CP","Out-of-school adolescents and youth of secondary school age, female (number)","40606","Africa (Sub-Saharan) ","2012","2012",29121153,"‡","UIS Estimation"
"OFST_2T3_F_CP","Out-of-school adolescents and youth of secondary school age, female (number)","40606","Africa (Sub-Saharan) ","2013","2013",29821347,"‡","UIS Estimation"
"OFST_2T3_F_CP","Out-of-school adolescents and youth of secondary school age, female (number)","40606","Africa (Sub-Saharan) ","2014","2014",30696082,,
"OFST_2T3_F_CP","Out-of-school adolescents and youth of secondary school age, female (number)","40606","Africa (Sub-Saharan) ","2015","2015",31437958,,
"OFST_2T3_F_CP","Out-of-school adolescents and youth of secondary school age, female (number)","40606","Africa (Sub-Saharan) ","2016","2016",32469348,,
"OFST_2T3_F_CP","Out-of-school adolescents and youth of secondary school age, female (number)","40603","Africa (Northern)","2000","2000",4526857,"‡","UIS Estimation"
"OFST_2T3_F_CP","Out-of-school adolescents and youth of secondary school age, female (number)","40603","Africa (Northern)","2001","2001",4461807,"‡","UIS Estimation"
"OFST_2T3_F_CP","Out-of-school adolescents and youth of secondary school age, female (number)","40603","Africa (Northern)","2002","2002",4364474,"‡","UIS Estimation"
"OFST_2T3_F_CP","Out-of-school adolescents and youth of secondary school age, female (number)","40603","Africa (Northern)","2003","2003",4359909,"‡","UIS Estimation"
"OFST_2T3_F_CP","Out-of-school adolescents and youth of secondary school age, female (number)","40603","Africa (Northern)","2004","2004",4167674,"‡","UIS Estimation"
"OFST_2T3_F_CP","Out-of-school adolescents and youth of secondary school age, female (number)","40603","Africa (Northern)","2005","2005",4086208,"‡","UIS Estimation"
"OFST_2T3_F_CP","Out-of-school adolescents and youth of secondary school age, female (number)","40603","Africa (Northern)","2006","2006",4017973,"‡","UIS Estimation"
"OFST_2T3_F_CP","Out-of-school adolescents and youth of secondary school age, female (number)","40603","Africa (Northern)","2007","2007",4167315,"‡","UIS Estimation"
"OFST_2T3_F_CP","Out-of-school adolescents and youth of secondary school age, female (number)","40603","Africa (Northern)","2008","2008",3930312,"‡","UIS Estimation"
"OFST_2T3_F_CP","Out-of-school adolescents and youth of secondary school age, female (number)","40603","Africa (Northern)","2009","2009",3518737,"‡","UIS Estimation"
"OFST_2T3_F_CP","Out-of-school adolescents and youth of secondary school age, female (number)","40603","Africa (Northern)","2010","2010",3393327,"‡","UIS Estimation"
"OFST_2T3_F_CP","Out-of-school adolescents and youth of secondary school age, female (number)","40603","Africa (Northern)","2011","2011",3207634,"‡","UIS Estimation"
"OFST_2T3_F_CP","Out-of-school adolescents and youth of secondary school age, female (number)","40603","Africa (Northern)","2012","2012",2912985,"‡","UIS Estimation"
"OFST_2T3_F_CP","Out-of-school adolescents and youth of secondary school age, female (number)","40603","Africa (Northern)","2013","2013",2856888,"‡","UIS Estimation"
"OFST_2T3_F_CP","Out-of-school adolescents and youth of secondary school age, female (number)","40603","Africa (Northern)","2014","2014",2920315,,
"OFST_2T3_F_CP","Out-of-school adolescents and youth of secondary school age, female (number)","40603","Africa (Northern)","2015","2015",2861546,,
"OFST_2T3_F_CP","Out-of-school adolescents and youth of secondary school age, female (number)","40603","Africa (Northern)","2016","2016",2822985,,
"OFST_1_CP","Out-of-school children of primary school age, both sexes (number)","40617","Western Asia and Northern Africa","2000","2000",8179863,,
"OFST_1_CP","Out-of-school children of primary school age, both sexes (number)","40617","Western Asia and Northern Africa","2001","2001",7564388,,
"OFST_1_CP","Out-of-school children of primary school age, both sexes (number)","40617","Western Asia and Northern Africa","2002","2002",7044597,,
"OFST_1_CP","Out-of-school children of primary school age, both sexes (number)","40617","Western Asia and Northern Africa","2003","2003",6527087,,
"OFST_1_CP","Out-of-school children of primary school age, both sexes (number)","40617","Western Asia and Northern Africa","2004","2004",6183143,,
"OFST_1_CP","Out-of-school children of primary school age, both sexes (number)","40617","Western Asia and Northern Africa","2005","2005",6097862,,
"OFST_1_CP","Out-of-school children of primary school age, both sexes (number)","40617","Western Asia and Northern Africa","2006","2006",5930064,,
"OFST_1_CP","Out-of-school children of primary school age, both sexes (number)","40617","Western Asia and Northern Africa","2007","2007",5250396,,
"OFST_1_CP","Out-of-school children of primary school age, both sexes (number)","40617","Western Asia and Northern Africa","2008","2008",4867786,"‡","UIS Estimation"
"OFST_1_CP","Out-of-school children of primary school age, both sexes (number)","40617","Western Asia and Northern Africa","2009","2009",4803542,,
"OFST_1_CP","Out-of-school children of primary school age, both sexes (number)","40617","Western Asia and Northern Africa","2010","2010",4375958,,
"OFST_1_CP","Out-of-school children of primary school age, both sexes (number)","40617","Western Asia and Northern Africa","2011","2011",4766152,,
"OFST_1_CP","Out-of-school children of primary school age, both sexes (number)","40617","Western Asia and Northern Africa","2012","2012",4840218,,
"OFST_1_CP","Out-of-school children of primary school age, both sexes (number)","40617","Western Asia and Northern Africa","2013","2013",5444849,"‡","UIS Estimation"
"OFST_1_CP","Out-of-school children of primary school age, both sexes (number)","40617","Western Asia and Northern Africa","2014","2014",5887996,,
"OFST_1_CP","Out-of-school children of primary school age, both sexes (number)","40617","Western Asia and Northern Africa","2015","2015",5796756,"‡","UIS Estimation"
"OFST_1_CP","Out-of-school children of primary school age, both sexes (number)","40617","Western Asia and Northern Africa","2016","2016",5748185,,
"OFST_2T3_CP","Out-of-school adolescents and youth of secondary school age, both sexes (number)","40603","Africa (Northern)","2000","2000",8410324,"‡","UIS Estimation"
"OFST_2T3_CP","Out-of-school adolescents and youth of secondary school age, both sexes (number)","40603","Africa (Northern)","2001","2001",8311606,"‡","UIS Estimation"
"OFST_2T3_CP","Out-of-school adolescents and youth of secondary school age, both sexes (number)","40603","Africa (Northern)","2002","2002",8188129,"‡","UIS Estimation"
"OFST_2T3_CP","Out-of-school adolescents and youth of secondary school age, both sexes (number)","40603","Africa (Northern)","2003","2003",8206772,"‡","UIS Estimation"
"OFST_2T3_CP","Out-of-school adolescents and youth of secondary school age, both sexes (number)","40603","Africa (Northern)","2004","2004",7827944,"‡","UIS Estimation"
"OFST_2T3_CP","Out-of-school adolescents and youth of secondary school age, both sexes (number)","40603","Africa (Northern)","2005","2005",7684478,"‡","UIS Estimation"
"OFST_2T3_CP","Out-of-school adolescents and youth of secondary school age, both sexes (number)","40603","Africa (Northern)","2006","2006",7622033,"‡","UIS Estimation"
"OFST_2T3_CP","Out-of-school adolescents and youth of secondary school age, both sexes (number)","40603","Africa (Northern)","2007","2007",7907741,"‡","UIS Estimation"
"OFST_2T3_CP","Out-of-school adolescents and youth of secondary school age, both sexes (number)","40603","Africa (Northern)","2008","2008",7478495,"‡","UIS Estimation"
"OFST_2T3_CP","Out-of-school adolescents and youth of secondary school age, both sexes (number)","40603","Africa (Northern)","2009","2009",6740180,"‡","UIS Estimation"
"OFST_2T3_CP","Out-of-school adolescents and youth of secondary school age, both sexes (number)","40603","Africa (Northern)","2010","2010",6609522,"‡","UIS Estimation"
"OFST_2T3_CP","Out-of-school adolescents and youth of secondary school age, both sexes (number)","40603","Africa (Northern)","2011","2011",6356557,"‡","UIS Estimation"
"OFST_2T3_CP","Out-of-school adolescents and youth of secondary school age, both sexes (number)","40603","Africa (Northern)","2012","2012",5788560,"‡","UIS Estimation"
"OFST_2T3_CP","Out-of-school adolescents and youth of secondary school age, both sexes (number)","40603","Africa (Northern)","2013","2013",5558391,"‡","UIS Estimation"
"OFST_2T3_CP","Out-of-school adolescents and youth of secondary school age, both sexes (number)","40603","Africa (Northern)","2014","2014",5554735,,
"OFST_2T3_CP","Out-of-school adolescents and youth of secondary school age, both sexes (number)","40603","Africa (Northern)","2015","2015",5420069,,
"OFST_2T3_CP","Out-of-school adolescents and youth of secondary school age, both sexes (number)","40603","Africa (Northern)","2016","2016",5276732,,
"OFST_1_F_CP","Out-of-school children of primary school age, female (number)","40617","Western Asia and Northern Africa","2000","2000",4903707,"‡","UIS Estimation"
"OFST_1_F_CP","Out-of-school children of primary school age, female (number)","40617","Western Asia and Northern Africa","2001","2001",4527307,"‡","UIS Estimation"
"OFST_1_F_CP","Out-of-school children of primary school age, female (number)","40617","Western Asia and Northern Africa","2002","2002",4222588,"‡","UIS Estimation"
"OFST_1_F_CP","Out-of-school children of primary school age, female (number)","40617","Western Asia and Northern Africa","2003","2003",3899574,"‡","UIS Estimation"
"OFST_1_F_CP","Out-of-school children of primary school age, female (number)","40617","Western Asia and Northern Africa","2004","2004",3711410,"‡","UIS Estimation"
"OFST_1_F_CP","Out-of-school children of primary school age, female (number)","40617","Western Asia and Northern Africa","2005","2005",3658554,"‡","UIS Estimation"
"OFST_1_F_CP","Out-of-school children of primary school age, female (number)","40617","Western Asia and Northern Africa","2006","2006",3546302,"‡","UIS Estimation"
"OFST_1_F_CP","Out-of-school children of primary school age, female (number)","40617","Western Asia and Northern Africa","2007","2007",3138170,"‡","UIS Estimation"
"OFST_1_F_CP","Out-of-school children of primary school age, female (number)","40617","Western Asia and Northern Africa","2008","2008",2912290,"‡","UIS Estimation"
"OFST_1_F_CP","Out-of-school children of primary school age, female (number)","40617","Western Asia and Northern Africa","2009","2009",2861613,"‡","UIS Estimation"
"OFST_1_F_CP","Out-of-school children of primary school age, female (number)","40617","Western Asia and Northern Africa","2010","2010",2602631,"‡","UIS Estimation"
"OFST_1_F_CP","Out-of-school children of primary school age, female (number)","40617","Western Asia and Northern Africa","2011","2011",2785219,"‡","UIS Estimation"
"OFST_1_F_CP","Out-of-school children of primary school age, female (number)","40617","Western Asia and Northern Africa","2012","2012",2652061,,
"OFST_1_F_CP","Out-of-school children of primary school age, female (number)","40617","Western Asia and Northern Africa","2013","2013",2912788,"‡","UIS Estimation"
"OFST_1_F_CP","Out-of-school children of primary school age, female (number)","40617","Western Asia and Northern Africa","2014","2014",3091591,"‡","UIS Estimation"
"OFST_1_F_CP","Out-of-school children of primary school age, female (number)","40617","Western Asia and Northern Africa","2015","2015",3057987,"‡","UIS Estimation"
"OFST_1_F_CP","Out-of-school children of primary school age, female (number)","40617","Western Asia and Northern Africa","2016","2016",2994182,,
"OFST_2T3_F_CP","Out-of-school adolescents and youth of secondary school age, female (number)","40617","Western Asia and Northern Africa","2000","2000",9451240,,
"OFST_2T3_F_CP","Out-of-school adolescents and youth of secondary school age, female (number)","40617","Western Asia and Northern Africa","2001","2001",9123073,,
"OFST_2T3_F_CP","Out-of-school adolescents and youth of secondary school age, female (number)","40617","Western Asia and Northern Africa","2002","2002",8968804,,
"OFST_2T3_F_CP","Out-of-school adolescents and youth of secondary school age, female (number)","40617","Western Asia and Northern Africa","2003","2003",8820989,,
"OFST_2T3_F_CP","Out-of-school adolescents and youth of secondary school age, female (number)","40617","Western Asia and Northern Africa","2004","2004",8457695,,
"OFST_2T3_F_CP","Out-of-school adolescents and youth of secondary school age, female (number)","40617","Western Asia and Northern Africa","2005","2005",8219879,,
"OFST_2T3_F_CP","Out-of-school adolescents and youth of secondary school age, female (number)","40617","Western Asia and Northern Africa","2006","2006",8096859,,
"OFST_2T3_F_CP","Out-of-school adolescents and youth of secondary school age, female (number)","40617","Western Asia and Northern Africa","2007","2007",8143985,,
"OFST_2T3_F_CP","Out-of-school adolescents and youth of secondary school age, female (number)","40617","Western Asia and Northern Africa","2008","2008",7886127,,
"OFST_2T3_F_CP","Out-of-school adolescents and youth of secondary school age, female (number)","40617","Western Asia and Northern Africa","2009","2009",7621990,,
"OFST_2T3_F_CP","Out-of-school adolescents and youth of secondary school age, female (number)","40617","Western Asia and Northern Africa","2010","2010",7281060,,
"OFST_2T3_F_CP","Out-of-school adolescents and youth of secondary school age, female (number)","40617","Western Asia and Northern Africa","2011","2011",6874611,,
"OFST_2T3_F_CP","Out-of-school adolescents and youth of secondary school age, female (number)","40617","Western Asia and Northern Africa","2012","2012",6628100,,
"OFST_2T3_F_CP","Out-of-school adolescents and youth of secondary school age, female (number)","40617","Western Asia and Northern Africa","2013","2013",6916701,,
"OFST_2T3_F_CP","Out-of-school adolescents and youth of secondary school age, female (number)","40617","Western Asia and Northern Africa","2014","2014",6692759,,
"OFST_2T3_F_CP","Out-of-school adolescents and youth of secondary school age, female (number)","40617","Western Asia and Northern Africa","2015","2015",6740390,,
"OFST_2T3_F_CP","Out-of-school adolescents and youth of secondary school age, female (number)","40617","Western Asia and Northern Africa","2016","2016",6796253,,
"OFST_1_F_CP","Out-of-school children of primary school age, female (number)","40603","Africa (Northern)","2000","2000",2735074,,
"OFST_1_F_CP","Out-of-school children of primary school age, female (number)","40603","Africa (Northern)","2001","2001",2521666,,
"OFST_1_F_CP","Out-of-school children of primary school age, female (number)","40603","Africa (Northern)","2002","2002",2322569,,
"OFST_1_F_CP","Out-of-school children of primary school age, female (number)","40603","Africa (Northern)","2003","2003",2184295,,
"OFST_1_F_CP","Out-of-school children of primary school age, female (number)","40603","Africa (Northern)","2004","2004",2037316,,
"OFST_1_F_CP","Out-of-school children of primary school age, female (number)","40603","Africa (Northern)","2005","2005",2068626,"‡","UIS Estimation"
"OFST_1_F_CP","Out-of-school children of primary school age, female (number)","40603","Africa (Northern)","2006","2006",2025080,"‡","UIS Estimation"
"OFST_1_F_CP","Out-of-school children of primary school age, female (number)","40603","Africa (Northern)","2007","2007",1734842,"‡","UIS Estimation"
"OFST_1_F_CP","Out-of-school children of primary school age, female (number)","40603","Africa (Northern)","2008","2008",1564546,"‡","UIS Estimation"
"OFST_1_F_CP","Out-of-school children of primary school age, female (number)","40603","Africa (Northern)","2009","2009",1531025,"‡","UIS Estimation"
"OFST_1_F_CP","Out-of-school children of primary school age, female (number)","40603","Africa (Northern)","2010","2010",1434711,"‡","UIS Estimation"
"OFST_1_F_CP","Out-of-school children of primary school age, female (number)","40603","Africa (Northern)","2011","2011",1698525,"‡","UIS Estimation"
"OFST_1_F_CP","Out-of-school children of primary school age, female (number)","40603","Africa (Northern)","2012","2012",1546509,,
"OFST_1_F_CP","Out-of-school children of primary school age, female (number)","40603","Africa (Northern)","2013","2013",1498411,"‡","UIS Estimation"
"OFST_1_F_CP","Out-of-school children of primary school age, female (number)","40603","Africa (Northern)","2014","2014",1519798,,
"OFST_1_F_CP","Out-of-school children of primary school age, female (number)","40603","Africa (Northern)","2015","2015",1491937,"‡","UIS Estimation"
"OFST_1_F_CP","Out-of-school children of primary school age, female (number)","40603","Africa (Northern)","2016","2016",1355730,,
"OFST_2T3_M_CP","Out-of-school adolescents and youth of secondary school age, male (number)","40606","Africa (Sub-Saharan) ","2000","2000",22878876,,
"OFST_2T3_M_CP","Out-of-school adolescents and youth of secondary school age, male (number)","40606","Africa (Sub-Saharan) ","2001","2001",23130140,,
"OFST_2T3_M_CP","Out-of-school adolescents and youth of secondary school age, male (number)","40606","Africa (Sub-Saharan) ","2002","2002",22957533,,
"OFST_2T3_M_CP","Out-of-school adolescents and youth of secondary school age, male (number)","40606","Africa (Sub-Saharan) ","2003","2003",23183526,"‡","UIS Estimation"
"OFST_2T3_M_CP","Out-of-school adolescents and youth of secondary school age, male (number)","40606","Africa (Sub-Saharan) ","2004","2004",23312295,"‡","UIS Estimation"
"OFST_2T3_M_CP","Out-of-school adolescents and youth of secondary school age, male (number)","40606","Africa (Sub-Saharan) ","2005","2005",23504877,"‡","UIS Estimation"
"OFST_2T3_M_CP","Out-of-school adolescents and youth of secondary school age, male (number)","40606","Africa (Sub-Saharan) ","2006","2006",23752681,"‡","UIS Estimation"
"OFST_2T3_M_CP","Out-of-school adolescents and youth of secondary school age, male (number)","40606","Africa (Sub-Saharan) ","2007","2007",24385834,"‡","UIS Estimation"
"OFST_2T3_M_CP","Out-of-school adolescents and youth of secondary school age, male (number)","40606","Africa (Sub-Saharan) ","2008","2008",24218351,"‡","UIS Estimation"
"OFST_2T3_M_CP","Out-of-school adolescents and youth of secondary school age, male (number)","40606","Africa (Sub-Saharan) ","2009","2009",24468023,"‡","UIS Estimation"
"OFST_2T3_M_CP","Out-of-school adolescents and youth of secondary school age, male (number)","40606","Africa (Sub-Saharan) ","2010","2010",24379736,"‡","UIS Estimation"
"OFST_2T3_M_CP","Out-of-school adolescents and youth of secondary school age, male (number)","40606","Africa (Sub-Saharan) ","2011","2011",25050307,"‡","UIS Estimation"
"OFST_2T3_M_CP","Out-of-school adolescents and youth of secondary school age, male (number)","40606","Africa (Sub-Saharan) ","2012","2012",25815330,"‡","UIS Estimation"
"OFST_2T3_M_CP","Out-of-school adolescents and youth of secondary school age, male (number)","40606","Africa (Sub-Saharan) ","2013","2013",26567750,"‡","UIS Estimation"
"OFST_2T3_M_CP","Out-of-school adolescents and youth of secondary school age, male (number)","40606","Africa (Sub-Saharan) ","2014","2014",27591064,,
"OFST_2T3_M_CP","Out-of-school adolescents and youth of secondary school age, male (number)","40606","Africa (Sub-Saharan) ","2015","2015",28409618,,
"OFST_2T3_M_CP","Out-of-school adolescents and youth of secondary school age, male (number)","40606","Africa (Sub-Saharan) ","2016","2016",29412007,,
