Entity,Code,Year,"Air pollution death rates (indoor solid fuels) per 100,000- IHME (per 100,000 people)"
Afghanistan,AFG,1990,161.1323562
Afghanistan,AFG,1995,161.7857139
Afghanistan,AFG,2000,158.8649349
Afghanistan,AFG,2005,146.4806264
Afghanistan,AFG,2010,119.2952739
Afghanistan,AFG,2015,100.6437931
Albania,ALB,1990,68.80777073
Albania,ALB,1995,65.47722151
Albania,ALB,2000,57.9188054
Albania,ALB,2005,49.44268731
Albania,ALB,2010,33.24412974
Albania,ALB,2015,25.88810457
Algeria,DZA,1990,5.752755169
Algeria,DZA,1995,3.643571836
Algeria,DZA,2000,2.211572973
Algeria,DZA,2005,0.968098721
Algeria,DZA,2010,0.352195002
Algeria,DZA,2015,0.247115713
American Samoa,ASM,1990,12.24020089
American Samoa,ASM,1995,9.21256069
American Samoa,ASM,2000,7.239331171
American Samoa,ASM,2005,5.650442836
American Samoa,ASM,2010,4.141076715
American Samoa,ASM,2015,3.194411329
Andorra,AND,1990,0
Andorra,AND,1995,0
Andorra,AND,2000,0
Andorra,AND,2005,0
Andorra,AND,2010,0
Andorra,AND,2015,0
Angola,AGO,1990,158.2460478
Angola,AGO,1995,138.5322539
Angola,AGO,2000,121.5069904
Angola,AGO,2005,91.96875617
Angola,AGO,2010,80.23030241
Angola,AGO,2015,66.55260804
Antigua and Barbuda,ATG,1990,6.793802459
Antigua and Barbuda,ATG,1995,5.172382953
Antigua and Barbuda,ATG,2000,3.449655924
Antigua and Barbuda,ATG,2005,2.802688141
Antigua and Barbuda,ATG,2010,2.34345498
Antigua and Barbuda,ATG,2015,2.038544881
Argentina,ARG,1990,8.209164662
Argentina,ARG,1995,6.727996515
Argentina,ARG,2000,5.424343544
Argentina,ARG,2005,3.924051998
Argentina,ARG,2010,2.687670167
Argentina,ARG,2015,1.811827133
Armenia,ARM,1990,68.97822022
Armenia,ARM,1995,82.30728563
Armenia,ARM,2000,44.55349117
Armenia,ARM,2005,13.42694886
Armenia,ARM,2010,5.59038599
Armenia,ARM,2015,5.483964196
Australia,AUS,1990,0
Australia,AUS,1995,0
Australia,AUS,2000,0
Australia,AUS,2005,0
Australia,AUS,2010,0
Australia,AUS,2015,0
Austria,AUT,1990,0
Austria,AUT,1995,0
Austria,AUT,2000,0
Austria,AUT,2005,0
Austria,AUT,2010,0
Austria,AUT,2015,0
Azerbaijan,AZE,1990,83.38531479
Azerbaijan,AZE,1995,72.41820567
Azerbaijan,AZE,2000,44.49060943
Azerbaijan,AZE,2005,24.60389223
Azerbaijan,AZE,2010,17.71900134
Azerbaijan,AZE,2015,13.35360139
Bahamas,BHS,1990,4.250254642
Bahamas,BHS,1995,2.933237738
Bahamas,BHS,2000,2.291392229
Bahamas,BHS,2005,1.733335557
Bahamas,BHS,2010,1.28996744
Bahamas,BHS,2015,1.032076671
Bahrain,BHR,1990,0.629465103
Bahrain,BHR,1995,0.384678015
Bahrain,BHR,2000,0.320523759
Bahrain,BHR,2005,0.196857991
Bahrain,BHR,2010,0.115158264
Bahrain,BHR,2015,0.08738981
Bangladesh,BGD,1990,98.24116714
Bangladesh,BGD,1995,85.00998956
Bangladesh,BGD,2000,80.45900031
Bangladesh,BGD,2005,79.32915469
Bangladesh,BGD,2010,79.24707606
Bangladesh,BGD,2015,76.22127887
Barbados,BRB,1990,1.30433009
Barbados,BRB,1995,0.932874082
Barbados,BRB,2000,0.656750217
Barbados,BRB,2005,0.411144629
Barbados,BRB,2010,0.25906113
Barbados,BRB,2015,0.191108211
Belarus,BLR,1990,47.14595561
Belarus,BLR,1995,39.91809208
Belarus,BLR,2000,24.54150526
Belarus,BLR,2005,11.72905322
Belarus,BLR,2010,4.412837006
Belarus,BLR,2015,2.747910366
Belgium,BEL,1990,0
Belgium,BEL,1995,0
Belgium,BEL,2000,0
Belgium,BEL,2005,0
Belgium,BEL,2010,0
Belgium,BEL,2015,0
Belize,BLZ,1990,27.39463816
Belize,BLZ,1995,24.02155515
Belize,BLZ,2000,17.17987179
Belize,BLZ,2005,12.34223455
Belize,BLZ,2010,11.64571368
Belize,BLZ,2015,9.504158515
Benin,BEN,1990,133.251131
Benin,BEN,1995,123.0778755
Benin,BEN,2000,110.0321882
Benin,BEN,2005,91.17943118
Benin,BEN,2010,83.20569759
Benin,BEN,2015,78.79600744
Bermuda,BMU,1990,6.808773469
Bermuda,BMU,1995,5.02426301
Bermuda,BMU,2000,3.951291728
Bermuda,BMU,2005,2.910580042
Bermuda,BMU,2010,2.232822226
Bermuda,BMU,2015,1.835046896
Bhutan,BTN,1990,68.68177443
Bhutan,BTN,1995,61.16192672
Bhutan,BTN,2000,51.07845063
Bhutan,BTN,2005,36.71808227
Bhutan,BTN,2010,30.149534
Bhutan,BTN,2015,30.48570652
Bolivia,BOL,1990,66.59112987
Bolivia,BOL,1995,49.73420873
Bolivia,BOL,2000,39.7881231
Bolivia,BOL,2005,33.77616522
Bolivia,BOL,2010,27.28402906
Bolivia,BOL,2015,20.56909434
Bosnia and Herzegovina,BIH,1990,71.45868149
Bosnia and Herzegovina,BIH,1995,76.10564353
Bosnia and Herzegovina,BIH,2000,63.47812014
Bosnia and Herzegovina,BIH,2005,56.31766398
Bosnia and Herzegovina,BIH,2010,67.04344414
Bosnia and Herzegovina,BIH,2015,64.49158536
Botswana,BWA,1990,66.5179803
Botswana,BWA,1995,61.7193291
Botswana,BWA,2000,69.60137398
Botswana,BWA,2005,65.51990518
Botswana,BWA,2010,51.47260963
Botswana,BWA,2015,41.91591579
Brazil,BRA,1990,27.74173045
Brazil,BRA,1995,22.73252321
Brazil,BRA,2000,17.45566988
Brazil,BRA,2005,13.24226178
Brazil,BRA,2010,10.0511701
Brazil,BRA,2015,8.396105841
Brunei,BRN,1990,0
Brunei,BRN,1995,0
Brunei,BRN,2000,0
Brunei,BRN,2005,0
Brunei,BRN,2010,0
Brunei,BRN,2015,0
Bulgaria,BGR,1990,50.62214332
Bulgaria,BGR,1995,45.55797495
Bulgaria,BGR,2000,37.92406351
Bulgaria,BGR,2005,32.95324277
Bulgaria,BGR,2010,25.66428448
Bulgaria,BGR,2015,19.43935786
Burkina Faso,BFA,1990,136.1301052
Burkina Faso,BFA,1995,122.0030827
Burkina Faso,BFA,2000,109.3686675
Burkina Faso,BFA,2005,89.87928741
Burkina Faso,BFA,2010,74.11556435
Burkina Faso,BFA,2015,70.33286966
Burundi,BDI,1990,163.1266437
Burundi,BDI,1995,152.1583763
Burundi,BDI,2000,126.7100102
Burundi,BDI,2005,95.07564828
Burundi,BDI,2010,76.3013144
Burundi,BDI,2015,75.69766021
Cambodia,KHM,1990,107.7068504
Cambodia,KHM,1995,96.74219764
Cambodia,KHM,2000,80.80761181
Cambodia,KHM,2005,67.28849839
Cambodia,KHM,2010,58.77726362
Cambodia,KHM,2015,52.35477584
Cameroon,CMR,1990,102.4304074
Cameroon,CMR,1995,102.9779785
Cameroon,CMR,2000,103.6986825
Cameroon,CMR,2005,90.99562303
Cameroon,CMR,2010,81.36337274
Cameroon,CMR,2015,69.95223812
Canada,CAN,1990,0
Canada,CAN,1995,0
Canada,CAN,2000,0
Canada,CAN,2005,0
Canada,CAN,2010,0
Canada,CAN,2015,0
Cape Verde,CPV,1990,64.97830618
Cape Verde,CPV,1995,60.58902945
Cape Verde,CPV,2000,53.34044108
Cape Verde,CPV,2005,48.63790819
Cape Verde,CPV,2010,43.14205726
Cape Verde,CPV,2015,34.01050344
Central African Republic,CAF,1990,183.091464
Central African Republic,CAF,1995,174.0529318
Central African Republic,CAF,2000,166.0713111
Central African Republic,CAF,2005,156.6685503
Central African Republic,CAF,2010,156.0265664
Central African Republic,CAF,2015,152.7309651
Chad,TCD,1990,134.4063436
Chad,TCD,1995,131.7117247
Chad,TCD,2000,136.4471158
Chad,TCD,2005,119.5640536
Chad,TCD,2010,116.0593238
Chad,TCD,2015,102.6196172
Chile,CHL,1990,14.86228866
Chile,CHL,1995,11.67679584
Chile,CHL,2000,8.185832121
Chile,CHL,2005,5.158286513
Chile,CHL,2010,3.366180317
Chile,CHL,2015,2.239292371
China,CHN,1990,90.28419736
China,CHN,1995,82.09863445
China,CHN,2000,76.14411879
China,CHN,2005,70.3491969
China,CHN,2010,54.11179154
China,CHN,2015,42.6494109
Colombia,COL,1990,18.86215759
Colombia,COL,1995,16.22120035
Colombia,COL,2000,13.57781002
Colombia,COL,2005,13.32175452
Colombia,COL,2010,13.33185501
Colombia,COL,2015,9.170320118
Comoros,COM,1990,118.6594483
Comoros,COM,1995,102.9927749
Comoros,COM,2000,81.16756799
Comoros,COM,2005,59.24840807
Comoros,COM,2010,52.38372251
Comoros,COM,2015,49.18481573
Republic of Congo,COG,1990,129.2310073
Republic of Congo,COG,1995,130.9100422
Republic of Congo,COG,2000,120.1433595
Republic of Congo,COG,2005,95.80772021
Republic of Congo,COG,2010,83.93166354
Republic of Congo,COG,2015,72.81565922
Costa Rica,CRI,1990,15.19445505
Costa Rica,CRI,1995,11.36482606
Costa Rica,CRI,2000,7.838791498
Costa Rica,CRI,2005,5.574796523
Costa Rica,CRI,2010,3.702759204
Costa Rica,CRI,2015,2.315909842
Ivory Coast,CIV,1990,104.7388534
Ivory Coast,CIV,1995,114.0089124
Ivory Coast,CIV,2000,106.2453724
Ivory Coast,CIV,2005,91.38698224
Ivory Coast,CIV,2010,81.41136495
Ivory Coast,CIV,2015,76.12378104
Croatia,HRV,1990,58.64670966
Croatia,HRV,1995,48.52969432
Croatia,HRV,2000,36.62640811
Croatia,HRV,2005,26.29359951
Croatia,HRV,2010,21.91837411
Croatia,HRV,2015,17.61781605
Cuba,CUB,1990,19.9658738
Cuba,CUB,1995,34.62554887
Cuba,CUB,2000,33.48790342
Cuba,CUB,2005,14.45525704
Cuba,CUB,2010,6.692177703
Cuba,CUB,2015,6.022417438
Cyprus,CYP,1990,0
Cyprus,CYP,1995,0
Cyprus,CYP,2000,0
Cyprus,CYP,2005,0
Cyprus,CYP,2010,0
Cyprus,CYP,2015,0
Czech Republic,CZE,1990,11.47963776
Czech Republic,CZE,1995,7.43867131
Czech Republic,CZE,2000,4.942548185
Czech Republic,CZE,2005,3.976985681
Czech Republic,CZE,2010,3.606650716
Czech Republic,CZE,2015,3.090879181
Democratic Republic of the Congo,COD,1990,110.4172203
Democratic Republic of the Congo,COD,1995,108.1669354
Democratic Republic of the Congo,COD,2000,107.4266736
Democratic Republic of the Congo,COD,2005,96.33793961
Democratic Republic of the Congo,COD,2010,88.74625783
Democratic Republic of the Congo,COD,2015,85.05450678
Denmark,DNK,1990,0
Denmark,DNK,1995,0
Denmark,DNK,2000,0
Denmark,DNK,2005,0
Denmark,DNK,2010,0
Denmark,DNK,2015,0
Djibouti,DJI,1990,34.24328461
Djibouti,DJI,1995,21.60838631
Djibouti,DJI,2000,25.68009659
Djibouti,DJI,2005,29.84058519
Djibouti,DJI,2010,29.41359417
Djibouti,DJI,2015,30.38892173
Dominica,DMA,1990,29.71255162
Dominica,DMA,1995,21.25740575
Dominica,DMA,2000,14.92262818
Dominica,DMA,2005,11.05442643
Dominica,DMA,2010,8.623767644
Dominica,DMA,2015,6.766027218
Dominican Republic,DOM,1990,20.25987342
Dominican Republic,DOM,1995,14.63513909
Dominican Republic,DOM,2000,10.02753052
Dominican Republic,DOM,2005,10.67427802
Dominican Republic,DOM,2010,9.847287583
Dominican Republic,DOM,2015,7.555656339
Ecuador,ECU,1990,23.42350344
Ecuador,ECU,1995,18.26975495
Ecuador,ECU,2000,11.00665832
Ecuador,ECU,2005,4.550336598
Ecuador,ECU,2010,3.862424273
Ecuador,ECU,2015,2.988333836
Egypt,EGY,1990,0.048534474
Egypt,EGY,1995,0.019591022
Egypt,EGY,2000,1.212874031
Egypt,EGY,2005,0.130463695
Egypt,EGY,2010,0.010676547
Egypt,EGY,2015,0.021923005
El Salvador,SLV,1990,38.13172807
El Salvador,SLV,1995,33.22171106
El Salvador,SLV,2000,26.12070239
El Salvador,SLV,2005,20.72981588
El Salvador,SLV,2010,15.95318317
El Salvador,SLV,2015,12.66834297
Equatorial Guinea,GNQ,1990,201.6310114
Equatorial Guinea,GNQ,1995,181.9639234
Equatorial Guinea,GNQ,2000,128.9175707
Equatorial Guinea,GNQ,2005,90.39366269
Equatorial Guinea,GNQ,2010,81.38859994
Equatorial Guinea,GNQ,2015,71.81526162
Eritrea,ERI,1990,106.9001737
Eritrea,ERI,1995,76.96300163
Eritrea,ERI,2000,63.17229127
Eritrea,ERI,2005,64.44605533
Eritrea,ERI,2010,66.26332179
Eritrea,ERI,2015,63.52526834
Estonia,EST,1990,63.77644022
Estonia,EST,1995,66.1640137
Estonia,EST,2000,50.48583262
Estonia,EST,2005,34.97096186
Estonia,EST,2010,19.23343662
Estonia,EST,2015,14.3869911
Ethiopia,ETH,1990,158.6742233
Ethiopia,ETH,1995,137.8626097
Ethiopia,ETH,2000,118.4108783
Ethiopia,ETH,2005,96.10940469
Ethiopia,ETH,2010,73.69458908
Ethiopia,ETH,2015,62.40343209
Fiji,FJI,1990,45.61893875
Fiji,FJI,1995,43.12732199
Fiji,FJI,2000,37.97689569
Fiji,FJI,2005,30.44808691
Fiji,FJI,2010,24.11921014
Fiji,FJI,2015,18.91143038
Finland,FIN,1990,0
Finland,FIN,1995,0
Finland,FIN,2000,0
Finland,FIN,2005,0
Finland,FIN,2010,0
Finland,FIN,2015,0
France,FRA,1990,0
France,FRA,1995,0
France,FRA,2000,0
France,FRA,2005,0
France,FRA,2010,0
France,FRA,2015,0
Gabon,GAB,1990,117.487344
Gabon,GAB,1995,98.91039226
Gabon,GAB,2000,75.9634655
Gabon,GAB,2005,53.07183601
Gabon,GAB,2010,31.80807107
Gabon,GAB,2015,22.51824044
Gambia,GMB,1990,97.53201157
Gambia,GMB,1995,84.83837009
Gambia,GMB,2000,72.12465862
Gambia,GMB,2005,66.84110849
Gambia,GMB,2010,56.81393668
Gambia,GMB,2015,50.35014474
Georgia,GEO,1990,103.9183117
Georgia,GEO,1995,94.33020605
Georgia,GEO,2000,95.09743541
Georgia,GEO,2005,97.99944237
Georgia,GEO,2010,80.95522062
Georgia,GEO,2015,62.16120091
Germany,DEU,1990,0
Germany,DEU,1995,0
Germany,DEU,2000,0
Germany,DEU,2005,0
Germany,DEU,2010,0
Germany,DEU,2015,0
Ghana,GHA,1990,90.4100365
Ghana,GHA,1995,81.83612372
Ghana,GHA,2000,80.42821428
Ghana,GHA,2005,82.43782213
Ghana,GHA,2010,76.61043783
Ghana,GHA,2015,66.53865567
Greece,GRC,1990,0
Greece,GRC,1995,0
Greece,GRC,2000,0
Greece,GRC,2005,0
Greece,GRC,2010,0
Greece,GRC,2015,0
Greenland,GRL,1990,0
Greenland,GRL,1995,0
Greenland,GRL,2000,0
Greenland,GRL,2005,0
Greenland,GRL,2010,0
Greenland,GRL,2015,0
Grenada,GRD,1990,39.53260894
Grenada,GRD,1995,19.83553811
Grenada,GRD,2000,11.99739563
Grenada,GRD,2005,7.408944657
Grenada,GRD,2010,5.447658623
Grenada,GRD,2015,4.275073661
Guam,GUM,1990,2.060620136
Guam,GUM,1995,1.654934022
Guam,GUM,2000,1.679782872
Guam,GUM,2005,1.77156453
Guam,GUM,2010,1.90114406
Guam,GUM,2015,1.683342271
Guatemala,GTM,1990,65.07736398
Guatemala,GTM,1995,59.65207238
Guatemala,GTM,2000,54.81498665
Guatemala,GTM,2005,45.27619458
Guatemala,GTM,2010,35.57646996
Guatemala,GTM,2015,27.49721461
Guinea,GIN,1990,169.7800006
Guinea,GIN,1995,150.1165796
Guinea,GIN,2000,135.0352191
Guinea,GIN,2005,114.132755
Guinea,GIN,2010,104.1739946
Guinea,GIN,2015,98.41548745
Guinea Bissau,GNB,1990,149.974192
Guinea Bissau,GNB,1995,137.3012201
Guinea Bissau,GNB,2000,130.5441721
Guinea Bissau,GNB,2005,129.8607327
Guinea Bissau,GNB,2010,123.5847943
Guinea Bissau,GNB,2015,112.5646639
Guyana,GUY,1990,24.58869712
Guyana,GUY,1995,20.65466979
Guyana,GUY,2000,16.15399087
Guyana,GUY,2005,14.88342241
Guyana,GUY,2010,11.51772158
Guyana,GUY,2015,9.069072985
Haiti,HTI,1990,125.21795
Haiti,HTI,1995,106.1326591
Haiti,HTI,2000,90.82954493
Haiti,HTI,2005,85.11001943
Haiti,HTI,2010,83.81531225
Haiti,HTI,2015,78.44725042
Honduras,HND,1990,39.66031072
Honduras,HND,1995,42.75694955
Honduras,HND,2000,41.19437654
Honduras,HND,2005,38.63828897
Honduras,HND,2010,35.81534838
Honduras,HND,2015,30.46745842
Hungary,HUN,1990,48.30587423
Hungary,HUN,1995,42.70416102
Hungary,HUN,2000,35.36062723
Hungary,HUN,2005,30.20221484
Hungary,HUN,2010,23.80033548
Hungary,HUN,2015,16.17294183
Iceland,ISL,1990,0
Iceland,ISL,1995,0
Iceland,ISL,2000,0
Iceland,ISL,2005,0
Iceland,ISL,2010,0
Iceland,ISL,2015,0
India,IND,1990,104.8033242
India,IND,1995,98.02702116
India,IND,2000,93.6133205
India,IND,2005,85.67518671
India,IND,2010,80.99577972
India,IND,2015,74.49457189
Indonesia,IDN,1990,50.548953
Indonesia,IDN,1995,42.81000583
Indonesia,IDN,2000,36.86091804
Indonesia,IDN,2005,34.91509124
Indonesia,IDN,2010,31.44879884
Indonesia,IDN,2015,22.73986756
Iran,IRN,1990,6.292395847
Iran,IRN,1995,2.798714195
Iran,IRN,2000,1.462661021
Iran,IRN,2005,0.827033182
Iran,IRN,2010,0.630944123
Iran,IRN,2015,0.568505857
Iraq,IRQ,1990,5.721377238
Iraq,IRQ,1995,4.128377623
Iraq,IRQ,2000,4.178312884
Iraq,IRQ,2005,4.864321454
Iraq,IRQ,2010,1.585997416
Iraq,IRQ,2015,0.78310386
Ireland,IRL,1990,0
Ireland,IRL,1995,0
Ireland,IRL,2000,0
Ireland,IRL,2005,0
Ireland,IRL,2010,0
Ireland,IRL,2015,0
Israel,ISR,1990,0
Israel,ISR,1995,0
Israel,ISR,2000,0
Israel,ISR,2005,0
Israel,ISR,2010,0
Israel,ISR,2015,0
Italy,ITA,1990,0
Italy,ITA,1995,0
Italy,ITA,2000,0
Italy,ITA,2005,0
Italy,ITA,2010,0
Italy,ITA,2015,0
Jamaica,JAM,1990,35.45987711
Jamaica,JAM,1995,28.71138277
Jamaica,JAM,2000,17.99949823
Jamaica,JAM,2005,13.18152936
Jamaica,JAM,2010,12.57784461
Jamaica,JAM,2015,10.45043027
Japan,JPN,1990,0
Japan,JPN,1995,0
Japan,JPN,2000,0
Japan,JPN,2005,0
Japan,JPN,2010,0
Japan,JPN,2015,0
Jordan,JOR,1990,0.307244204
Jordan,JOR,1995,0.124116127
Jordan,JOR,2000,0.070236206
Jordan,JOR,2005,0.047270228
Jordan,JOR,2010,0.019585461
Jordan,JOR,2015,0.013182357
Kazakhstan,KAZ,1990,59.18566021
Kazakhstan,KAZ,1995,67.84732104
Kazakhstan,KAZ,2000,53.56181064
Kazakhstan,KAZ,2005,43.05905895
Kazakhstan,KAZ,2010,23.25895766
Kazakhstan,KAZ,2015,17.7644557
Kenya,KEN,1990,74.59675544
Kenya,KEN,1995,65.4948235
Kenya,KEN,2000,58.62581311
Kenya,KEN,2005,52.98146862
Kenya,KEN,2010,50.00988604
Kenya,KEN,2015,44.14849391
Kiribati,KIR,1990,62.86335993
Kiribati,KIR,1995,56.02249294
Kiribati,KIR,2000,51.75980623
Kiribati,KIR,2005,46.33317876
Kiribati,KIR,2010,40.23221263
Kiribati,KIR,2015,33.99421112
Kuwait,KWT,1990,0.131995819
Kuwait,KWT,1995,0.108994914
Kuwait,KWT,2000,0.081102621
Kuwait,KWT,2005,0.069215724
Kuwait,KWT,2010,0.046496157
Kuwait,KWT,2015,0.029171397
Kyrgyzstan,KGZ,1990,94.09690974
Kyrgyzstan,KGZ,1995,85.41201823
Kyrgyzstan,KGZ,2000,67.90646003
Kyrgyzstan,KGZ,2005,59.46189049
Kyrgyzstan,KGZ,2010,43.90694667
Kyrgyzstan,KGZ,2015,32.53948234
Laos,LAO,1990,144.4527297
Laos,LAO,1995,126.6328618
Laos,LAO,2000,107.3957654
Laos,LAO,2005,89.15201179
Laos,LAO,2010,73.20889272
Laos,LAO,2015,60.83431654
Latvia,LVA,1990,53.32520232
Latvia,LVA,1995,52.5278796
Latvia,LVA,2000,34.12614169
Latvia,LVA,2005,27.649806
Latvia,LVA,2010,18.71165005
Latvia,LVA,2015,14.40019842
Lebanon,LBN,1990,0.078876474
Lebanon,LBN,1995,0.041153345
Lebanon,LBN,2000,0.024320548
Lebanon,LBN,2005,0.015913112
Lebanon,LBN,2010,0.011694282
Lebanon,LBN,2015,0.00783611
Lesotho,LSO,1990,92.12336154
Lesotho,LSO,1995,87.01903862
Lesotho,LSO,2000,94.94359256
Lesotho,LSO,2005,122.5478831
Lesotho,LSO,2010,112.8137228
Lesotho,LSO,2015,96.40021017
Liberia,LBR,1990,143.5874146
Liberia,LBR,1995,131.6949143
Liberia,LBR,2000,102.3024321
Liberia,LBR,2005,84.28437868
Liberia,LBR,2010,76.71836065
Liberia,LBR,2015,67.1563379
Libya,LBY,1990,2.81456505
Libya,LBY,1995,2.007146031
Libya,LBY,2000,1.850690569
Libya,LBY,2005,1.589547901
Libya,LBY,2010,1.300035819
Libya,LBY,2015,1.108985452
Lithuania,LTU,1990,41.40163073
Lithuania,LTU,1995,38.78316493
Lithuania,LTU,2000,26.24834597
Lithuania,LTU,2005,22.01197494
Lithuania,LTU,2010,16.04373101
Lithuania,LTU,2015,12.40974525
Luxembourg,LUX,1990,0
Luxembourg,LUX,1995,0
Luxembourg,LUX,2000,0
Luxembourg,LUX,2005,0
Luxembourg,LUX,2010,0
Luxembourg,LUX,2015,0
Macedonia,MKD,1990,59.98576526
Macedonia,MKD,1995,57.91576114
Macedonia,MKD,2000,54.14259504
Macedonia,MKD,2005,52.51005059
Macedonia,MKD,2010,47.72140819
Macedonia,MKD,2015,36.32617299
Madagascar,MDG,1990,127.665489
Madagascar,MDG,1995,121.9636295
Madagascar,MDG,2000,106.3110889
Madagascar,MDG,2005,92.93127223
Madagascar,MDG,2010,89.33999925
Madagascar,MDG,2015,85.71718354
Malawi,MWI,1990,106.7568897
Malawi,MWI,1995,110.8753611
Malawi,MWI,2000,113.396917
Malawi,MWI,2005,88.40233204
Malawi,MWI,2010,74.51332058
Malawi,MWI,2015,67.33380724
Malaysia,MYS,1990,7.652142813
Malaysia,MYS,1995,3.707348151
Malaysia,MYS,2000,1.559644988
Malaysia,MYS,2005,0.879883737
Malaysia,MYS,2010,0.769469716
Malaysia,MYS,2015,0.649929598
Maldives,MDV,1990,33.75551605
Maldives,MDV,1995,24.45359132
Maldives,MDV,2000,14.74404853
Maldives,MDV,2005,6.07556758
Maldives,MDV,2010,2.972137008
Maldives,MDV,2015,2.93105677
Mali,MLI,1990,108.2360162
Mali,MLI,1995,99.80699979
Mali,MLI,2000,86.18158172
Mali,MLI,2005,67.93040666
Mali,MLI,2010,60.94236742
Mali,MLI,2015,54.17204811
Malta,MLT,1990,0
Malta,MLT,1995,0
Malta,MLT,2000,0
Malta,MLT,2005,0
Malta,MLT,2010,0
Malta,MLT,2015,0
Marshall Islands,MHL,1990,21.87794307
Marshall Islands,MHL,1995,23.1167709
Marshall Islands,MHL,2000,26.8815842
Marshall Islands,MHL,2005,25.79640423
Marshall Islands,MHL,2010,20.87592293
Marshall Islands,MHL,2015,15.500476
Mauritania,MRT,1990,79.39153002
Mauritania,MRT,1995,74.13196145
Mauritania,MRT,2000,66.72505406
Mauritania,MRT,2005,55.2899146
Mauritania,MRT,2010,44.64196681
Mauritania,MRT,2015,39.97719905
Mauritius,MUS,1990,15.86042781
Mauritius,MUS,1995,10.01224227
Mauritius,MUS,2000,4.901480133
Mauritius,MUS,2005,3.009798093
Mauritius,MUS,2010,3.066157296
Mauritius,MUS,2015,3.069213562
Mexico,MEX,1990,13.78289162
Mexico,MEX,1995,11.58713785
Mexico,MEX,2000,10.12484208
Mexico,MEX,2005,9.348415188
Mexico,MEX,2010,8.570646605
Mexico,MEX,2015,7.205351721
Micronesia (country),FSM,1990,48.83604124
Micronesia (country),FSM,1995,41.67250881
Micronesia (country),FSM,2000,37.02137619
Micronesia (country),FSM,2005,34.29353819
Micronesia (country),FSM,2010,29.3607678
Micronesia (country),FSM,2015,24.10334419
Moldova,MDA,1990,84.75807845
Moldova,MDA,1995,99.59206218
Moldova,MDA,2000,69.07569477
Moldova,MDA,2005,41.04631953
Moldova,MDA,2010,23.26324175
Moldova,MDA,2015,13.47428915
Mongolia,MNG,1990,110.3032148
Mongolia,MNG,1995,94.15061795
Mongolia,MNG,2000,83.51392462
Mongolia,MNG,2005,76.45774167
Mongolia,MNG,2010,64.28067572
Mongolia,MNG,2015,48.09007514
Montenegro,MNE,1990,70.02562634
Montenegro,MNE,1995,71.35610213
Montenegro,MNE,2000,62.39910144
Montenegro,MNE,2005,54.96878875
Montenegro,MNE,2010,56.56120484
Montenegro,MNE,2015,55.62848528
Morocco,MAR,1990,12.68740016
Morocco,MAR,1995,8.930758486
Morocco,MAR,2000,5.978479021
Morocco,MAR,2005,4.611927216
Morocco,MAR,2010,4.405983782
Morocco,MAR,2015,3.717931031
Mozambique,MOZ,1990,108.3347132
Mozambique,MOZ,1995,97.22839459
Mozambique,MOZ,2000,88.48338039
Mozambique,MOZ,2005,76.11003821
Mozambique,MOZ,2010,71.10546576
Mozambique,MOZ,2015,65.12235268
Myanmar,MMR,1990,91.579539
Myanmar,MMR,1995,85.21787822
Myanmar,MMR,2000,80.30983154
Myanmar,MMR,2005,72.02158449
Myanmar,MMR,2010,62.37302441
Myanmar,MMR,2015,56.4313028
Namibia,NAM,1990,86.79236635
Namibia,NAM,1995,80.17363143
Namibia,NAM,2000,88.8963521
Namibia,NAM,2005,75.2107997
Namibia,NAM,2010,54.98211831
Namibia,NAM,2015,46.17888189
Nepal,NPL,1990,108.9945319
Nepal,NPL,1995,86.23907925
Nepal,NPL,2000,75.88109002
Nepal,NPL,2005,72.93305243
Nepal,NPL,2010,72.84486783
Nepal,NPL,2015,64.33403469
Netherlands,NLD,1990,0
Netherlands,NLD,1995,0
Netherlands,NLD,2000,0
Netherlands,NLD,2005,0
Netherlands,NLD,2010,0
Netherlands,NLD,2015,0
New Zealand,NZL,1990,0
New Zealand,NZL,1995,0
New Zealand,NZL,2000,0
New Zealand,NZL,2005,0
New Zealand,NZL,2010,0
New Zealand,NZL,2015,0
Nicaragua,NIC,1990,30.10374494
Nicaragua,NIC,1995,25.4287821
Nicaragua,NIC,2000,22.37256849
Nicaragua,NIC,2005,22.78814645
Nicaragua,NIC,2010,21.64605394
Nicaragua,NIC,2015,19.23471573
Niger,NER,1990,184.0445097
Niger,NER,1995,168.0227229
Niger,NER,2000,140.2516733
Niger,NER,2005,113.3546233
Niger,NER,2010,89.3545337
Niger,NER,2015,84.6186711
Nigeria,NGA,1990,108.9723432
Nigeria,NGA,1995,98.04217843
Nigeria,NGA,2000,85.74781241
Nigeria,NGA,2005,69.07226634
Nigeria,NGA,2010,56.69191596
Nigeria,NGA,2015,45.53059407
North Korea,PRK,1990,67.51374458
North Korea,PRK,1995,72.86756299
North Korea,PRK,2000,81.0386613
North Korea,PRK,2005,86.63913468
North Korea,PRK,2010,89.20567925
North Korea,PRK,2015,86.15842089
Northern Mariana Islands,MNP,1990,10.46025864
Northern Mariana Islands,MNP,1995,6.699852383
Northern Mariana Islands,MNP,2000,4.612671546
Northern Mariana Islands,MNP,2005,3.489838855
Northern Mariana Islands,MNP,2010,2.689989378
Northern Mariana Islands,MNP,2015,2.106802094
Norway,NOR,1990,0
Norway,NOR,1995,0
Norway,NOR,2000,0
Norway,NOR,2005,0
Norway,NOR,2010,0
Norway,NOR,2015,0
Oman,OMN,1990,2.331569158
Oman,OMN,1995,1.186524332
Oman,OMN,2000,1.060329396
Oman,OMN,2005,0.889222338
Oman,OMN,2010,0.753184349
Oman,OMN,2015,0.50808012
Pakistan,PAK,1990,83.12849677
Pakistan,PAK,1995,81.90476219
Pakistan,PAK,2000,85.76196269
Pakistan,PAK,2005,78.03724147
Pakistan,PAK,2010,66.50690339
Pakistan,PAK,2015,64.06586035
Palestine,PSE,1990,0.042105069
Palestine,PSE,1995,0.01510662
Palestine,PSE,2000,0.039251643
Palestine,PSE,2005,0.124503731
Palestine,PSE,2010,0.366247491
Palestine,PSE,2015,0.857575196
Panama,PAN,1990,18.73908041
Panama,PAN,1995,16.29534818
Panama,PAN,2000,12.83793536
Panama,PAN,2005,12.81794539
Panama,PAN,2010,11.45774004
Panama,PAN,2015,7.708511839
Papua New Guinea,PNG,1990,111.4502898
Papua New Guinea,PNG,1995,104.4334029
Papua New Guinea,PNG,2000,100.3619051
Papua New Guinea,PNG,2005,98.96518895
Papua New Guinea,PNG,2010,93.38284726
Papua New Guinea,PNG,2015,84.5973671
Paraguay,PRY,1990,37.06774733
Paraguay,PRY,1995,34.14888051
Paraguay,PRY,2000,32.936965
Paraguay,PRY,2005,32.21912484
Paraguay,PRY,2010,29.47795438
Paraguay,PRY,2015,23.91824091
Peru,PER,1990,57.41607747
Peru,PER,1995,38.90124208
Peru,PER,2000,29.27120076
Peru,PER,2005,28.29700243
Peru,PER,2010,25.57805274
Peru,PER,2015,21.08446206
Philippines,PHL,1990,46.31178454
Philippines,PHL,1995,35.47622473
Philippines,PHL,2000,31.69054689
Philippines,PHL,2005,37.5583506
Philippines,PHL,2010,43.90130343
Philippines,PHL,2015,40.83290987
Poland,POL,1990,34.11585349
Poland,POL,1995,26.21582244
Poland,POL,2000,20.40204709
Poland,POL,2005,18.65772356
Poland,POL,2010,17.06875628
Poland,POL,2015,14.29246768
Portugal,PRT,1990,0
Portugal,PRT,1995,0
Portugal,PRT,2000,0
Portugal,PRT,2005,0
Portugal,PRT,2010,0
Portugal,PRT,2015,0
Puerto Rico,PRI,1990,0.059102291
Puerto Rico,PRI,1995,0.023322957
Puerto Rico,PRI,2000,0.018704002
Puerto Rico,PRI,2005,0.01857333
Puerto Rico,PRI,2010,0.016840842
Puerto Rico,PRI,2015,0.013489559
Qatar,QAT,1990,0.022193561
Qatar,QAT,1995,0.016314921
Qatar,QAT,2000,0.013989906
Qatar,QAT,2005,0.009284674
Qatar,QAT,2010,0.003898538
Qatar,QAT,2015,0.002763305
Russia,RUS,1990,33.18791278
Russia,RUS,1995,38.26211905
Russia,RUS,2000,31.62833164
Russia,RUS,2005,20.94424854
Russia,RUS,2010,11.85847796
Russia,RUS,2015,8.639661246
Rwanda,RWA,1990,134.1890427
Rwanda,RWA,1995,167.8935252
Rwanda,RWA,2000,139.0890218
Rwanda,RWA,2005,86.21109882
Rwanda,RWA,2010,65.55701839
Rwanda,RWA,2015,63.47859744
Saint Lucia,LCA,1990,38.21785213
Saint Lucia,LCA,1995,26.82452614
Saint Lucia,LCA,2000,18.09813839
Saint Lucia,LCA,2005,12.10852715
Saint Lucia,LCA,2010,7.869530964
Saint Lucia,LCA,2015,7.319365977
Saint Vincent and the Grenadines,VCT,1990,53.95759363
Saint Vincent and the Grenadines,VCT,1995,47.56331909
Saint Vincent and the Grenadines,VCT,2000,26.51831019
Saint Vincent and the Grenadines,VCT,2005,12.67574698
Saint Vincent and the Grenadines,VCT,2010,7.956150512
Saint Vincent and the Grenadines,VCT,2015,6.377765385
Samoa,WSM,1990,41.74021597
Samoa,WSM,1995,39.08297513
Samoa,WSM,2000,37.52092889
Samoa,WSM,2005,36.595852
Samoa,WSM,2010,35.28654634
Samoa,WSM,2015,31.71902208
Sao Tome and Principe,STP,1990,130.8552572
Sao Tome and Principe,STP,1995,122.6224122
Sao Tome and Principe,STP,2000,115.3846737
Sao Tome and Principe,STP,2005,101.1116314
Sao Tome and Principe,STP,2010,82.10674278
Sao Tome and Principe,STP,2015,66.2909064
Saudi Arabia,SAU,1990,1.001657711
Saudi Arabia,SAU,1995,0.657930559
Saudi Arabia,SAU,2000,0.526656822
Saudi Arabia,SAU,2005,0.367233906
Saudi Arabia,SAU,2010,0.267128144
Saudi Arabia,SAU,2015,0.214649572
Senegal,SEN,1990,83.92299642
Senegal,SEN,1995,77.21436559
Senegal,SEN,2000,68.50927603
Senegal,SEN,2005,60.52968092
Senegal,SEN,2010,59.06758597
Senegal,SEN,2015,55.62629085
Serbia,SRB,1990,77.43550232
Serbia,SRB,1995,84.06728739
Serbia,SRB,2000,88.20240037
Serbia,SRB,2005,75.16912883
Serbia,SRB,2010,63.53625213
Serbia,SRB,2015,58.42550308
Seychelles,SYC,1990,8.689434617
Seychelles,SYC,1995,5.377280831
Seychelles,SYC,2000,3.365303201
Seychelles,SYC,2005,2.203785152
Seychelles,SYC,2010,1.726949085
Seychelles,SYC,2015,1.270782286
Sierra Leone,SLE,1990,156.4332983
Sierra Leone,SLE,1995,140.8490352
Sierra Leone,SLE,2000,131.2318142
Sierra Leone,SLE,2005,117.4096367
Sierra Leone,SLE,2010,103.8463204
Sierra Leone,SLE,2015,90.70762899
Singapore,SGP,1990,0
Singapore,SGP,1995,0
Singapore,SGP,2000,0
Singapore,SGP,2005,0
Singapore,SGP,2010,0
Singapore,SGP,2015,0
Slovakia,SVK,1990,21.72949025
Slovakia,SVK,1995,13.36911955
Slovakia,SVK,2000,8.047679148
Slovakia,SVK,2005,5.994735693
Slovakia,SVK,2010,5.586602856
Slovakia,SVK,2015,4.522741801
Slovenia,SVN,1990,33.13013294
Slovenia,SVN,1995,26.18799917
Slovenia,SVN,2000,18.31822301
Slovenia,SVN,2005,13.88073724
Slovenia,SVN,2010,11.72606862
Slovenia,SVN,2015,10.25244128
Solomon Islands,SLB,1990,82.02808094
Solomon Islands,SLB,1995,74.63126676
Solomon Islands,SLB,2000,72.81831931
Solomon Islands,SLB,2005,75.50302544
Solomon Islands,SLB,2010,72.44797307
Solomon Islands,SLB,2015,65.77159511
Somalia,SOM,1990,183.8727156
Somalia,SOM,1995,181.4151183
Somalia,SOM,2000,164.3931842
Somalia,SOM,2005,137.9348338
Somalia,SOM,2010,136.5655335
Somalia,SOM,2015,121.8692749
South Africa,ZAF,1990,65.7194003
South Africa,ZAF,1995,55.74235693
South Africa,ZAF,2000,59.55160013
South Africa,ZAF,2005,46.50555202
South Africa,ZAF,2010,35.39909376
South Africa,ZAF,2015,24.16397474
South Korea,KOR,1990,0
South Korea,KOR,1995,0
South Korea,KOR,2000,0
South Korea,KOR,2005,0
South Korea,KOR,2010,0
South Korea,KOR,2015,0
South Sudan,SSD,1990,139.5149739
South Sudan,SSD,1995,125.0447938
South Sudan,SSD,2000,102.256902
South Sudan,SSD,2005,92.35887555
South Sudan,SSD,2010,93.50765031
South Sudan,SSD,2015,97.04962722
Spain,ESP,1990,0
Spain,ESP,1995,0
Spain,ESP,2000,0
Spain,ESP,2005,0
Spain,ESP,2010,0
Spain,ESP,2015,0
Sri Lanka,LKA,1990,44.04567881
Sri Lanka,LKA,1995,42.49215417
Sri Lanka,LKA,2000,43.43540059
Sri Lanka,LKA,2005,47.34460381
Sri Lanka,LKA,2010,43.83475753
Sri Lanka,LKA,2015,39.92331331
Sudan,SDN,1990,95.69785325
Sudan,SDN,1995,85.11499618
Sudan,SDN,2000,73.64543271
Sudan,SDN,2005,67.33046612
Sudan,SDN,2010,52.57697194
Sudan,SDN,2015,45.78630615
Suriname,SUR,1990,34.64482725
Suriname,SUR,1995,27.93036692
Suriname,SUR,2000,22.82873465
Suriname,SUR,2005,18.03319174
Suriname,SUR,2010,12.07087335
Suriname,SUR,2015,8.357587649
Eswatini,SWZ,1990,87.61710487
Eswatini,SWZ,1995,70.72410663
Eswatini,SWZ,2000,87.02033665
Eswatini,SWZ,2005,110.1397211
Eswatini,SWZ,2010,98.97941491
Eswatini,SWZ,2015,79.45300895
Sweden,SWE,1990,0
Sweden,SWE,1995,0
Sweden,SWE,2000,0
Sweden,SWE,2005,0
Sweden,SWE,2010,0
Sweden,SWE,2015,0
Switzerland,CHE,1990,0
Switzerland,CHE,1995,0
Switzerland,CHE,2000,0
Switzerland,CHE,2005,0
Switzerland,CHE,2010,0
Switzerland,CHE,2015,0
Syria,SYR,1990,2.468014281
Syria,SYR,1995,1.229270856
Syria,SYR,2000,0.604944398
Syria,SYR,2005,0.268694407
Syria,SYR,2010,0.209845257
Syria,SYR,2015,0.219275194
Taiwan,TWN,1990,0
Taiwan,TWN,1995,0
Taiwan,TWN,2000,0
Taiwan,TWN,2005,0
Taiwan,TWN,2010,0
Taiwan,TWN,2015,0
Tajikistan,TJK,1990,113.3959042
Tajikistan,TJK,1995,104.0485455
Tajikistan,TJK,2000,77.56674895
Tajikistan,TJK,2005,49.73732284
Tajikistan,TJK,2010,36.41527146
Tajikistan,TJK,2015,28.41222449
Tanzania,TZA,1990,118.5931265
Tanzania,TZA,1995,107.3317835
Tanzania,TZA,2000,89.38812534
Tanzania,TZA,2005,78.38901365
Tanzania,TZA,2010,69.78890742
Tanzania,TZA,2015,63.84107983
Thailand,THA,1990,36.41202638
Thailand,THA,1995,32.79290686
Thailand,THA,2000,30.40854645
Thailand,THA,2005,28.08074059
Thailand,THA,2010,28.08411955
Thailand,THA,2015,25.0838144
Timor,TLS,1990,87.66601095
Timor,TLS,1995,73.65563652
Timor,TLS,2000,66.96456112
Timor,TLS,2005,51.31136859
Timor,TLS,2010,49.53276366
Timor,TLS,2015,44.22439379
Togo,TGO,1990,101.4070469
Togo,TGO,1995,99.01493322
Togo,TGO,2000,95.14099802
Togo,TGO,2005,85.24085279
Togo,TGO,2010,76.54281217
Togo,TGO,2015,71.24085678
Tonga,TON,1990,44.69745036
Tonga,TON,1995,47.05008469
Tonga,TON,2000,44.84989913
Tonga,TON,2005,38.53328235
Tonga,TON,2010,32.56165946
Tonga,TON,2015,28.08156714
Trinidad and Tobago,TTO,1990,5.180666267
Trinidad and Tobago,TTO,1995,3.431537334
Trinidad and Tobago,TTO,2000,1.843942846
Trinidad and Tobago,TTO,2005,0.816538432
Trinidad and Tobago,TTO,2010,0.726962117
Trinidad and Tobago,TTO,2015,0.814310351
Tunisia,TUN,1990,9.659218631
Tunisia,TUN,1995,7.386114885
Tunisia,TUN,2000,5.177853745
Tunisia,TUN,2005,2.015430073
Tunisia,TUN,2010,0.540955261
Tunisia,TUN,2015,0.344680029
Turkey,TUR,1990,24.87852471
Turkey,TUR,1995,18.60851335
Turkey,TUR,2000,11.40538443
Turkey,TUR,2005,6.512717664
Turkey,TUR,2010,3.290777749
Turkey,TUR,2015,2.033820965
Turkmenistan,TKM,1990,6.516296708
Turkmenistan,TKM,1995,4.022867142
Turkmenistan,TKM,2000,2.27296714
Turkmenistan,TKM,2005,1.476318994
Turkmenistan,TKM,2010,0.957929842
Turkmenistan,TKM,2015,0.617727619
Uganda,UGA,1990,99.07488711
Uganda,UGA,1995,94.8923931
Uganda,UGA,2000,87.16927841
Uganda,UGA,2005,76.36045339
Uganda,UGA,2010,64.87466744
Uganda,UGA,2015,60.06789045
Ukraine,UKR,1990,54.15476044
Ukraine,UKR,1995,48.63125214
Ukraine,UKR,2000,30.72436375
Ukraine,UKR,2005,23.84918043
Ukraine,UKR,2010,15.22703969
Ukraine,UKR,2015,11.69915849
United Arab Emirates,ARE,1990,0.063059588
United Arab Emirates,ARE,1995,0.032818508
United Arab Emirates,ARE,2000,0.017003492
United Arab Emirates,ARE,2005,0.008581237
United Arab Emirates,ARE,2010,0.005918826
United Arab Emirates,ARE,2015,0.006066549
United Kingdom,GBR,1990,0
United Kingdom,GBR,1995,0
United Kingdom,GBR,2000,0
United Kingdom,GBR,2005,0
United Kingdom,GBR,2010,0
United Kingdom,GBR,2015,0
United States,USA,1990,0
United States,USA,1995,0
United States,USA,2000,0
United States,USA,2005,0
United States,USA,2010,0
United States,USA,2015,0
Uruguay,URY,1990,6.152757851
Uruguay,URY,1995,3.906562779
Uruguay,URY,2000,2.409790613
Uruguay,URY,2005,3.526258297
Uruguay,URY,2010,2.473519817
Uruguay,URY,2015,1.133653859
Uzbekistan,UZB,1990,49.01231732
Uzbekistan,UZB,1995,42.8536121
Uzbekistan,UZB,2000,30.60514282
Uzbekistan,UZB,2005,25.50627978
Uzbekistan,UZB,2010,21.61275188
Uzbekistan,UZB,2015,17.54812402
Vanuatu,VUT,1990,85.73552477
Vanuatu,VUT,1995,82.91497943
Vanuatu,VUT,2000,78.78695033
Vanuatu,VUT,2005,75.76922653
Vanuatu,VUT,2010,73.10466608
Vanuatu,VUT,2015,66.9660978
Venezuela,VEN,1990,2.104568557
Venezuela,VEN,1995,0.748409684
Venezuela,VEN,2000,0.223167353
Venezuela,VEN,2005,0.111446354
Venezuela,VEN,2010,0.118832565
Venezuela,VEN,2015,0.123062841
Vietnam,VNM,1990,56.44733319
Vietnam,VNM,1995,54.57445513
Vietnam,VNM,2000,51.40427384
Vietnam,VNM,2005,46.77455581
Vietnam,VNM,2010,37.14567865
Vietnam,VNM,2015,31.00126633
World,OWID_WRL,1990,63.68372124
World,OWID_WRL,1995,59.25084115
World,OWID_WRL,2000,55.24461158
World,OWID_WRL,2005,50.30489992
World,OWID_WRL,2010,44.00529142
World,OWID_WRL,2015,38.7212378
Yemen,YEM,1990,93.69330946
Yemen,YEM,1995,72.76633987
Yemen,YEM,2000,46.31086777
Yemen,YEM,2005,36.71569575
Yemen,YEM,2010,31.42310015
Yemen,YEM,2015,26.63933265
Zambia,ZMB,1990,115.9034902
Zambia,ZMB,1995,117.0955016
Zambia,ZMB,2000,111.6701518
Zambia,ZMB,2005,102.1139207
Zambia,ZMB,2010,90.04815365
Zambia,ZMB,2015,74.29839461
Zimbabwe,ZWE,1990,54.59961831
Zimbabwe,ZWE,1995,49.25251706
Zimbabwe,ZWE,2000,59.80049027
Zimbabwe,ZWE,2005,73.19799042
Zimbabwe,ZWE,2010,73.4867237
Zimbabwe,ZWE,2015,54.10515587
